time,temp,tmin,tmax,rhum,prcp,snwd,wspd,wpgt,pres,tsun,cldc
2021-05-10,34.7,30.0,40.0,37,,,3.8,,1005.5,,
2021-05-11,35.1,28.9,41.5,34,,,3.9,,1005.7,,
2021-05-12,35.4,29.3,41.4,35,,,4.0,,1005.1,,
2021-05-13,35.6,30.0,41.8,36,,,2.4,,1004.9,,
2021-05-14,35.1,29.5,41.7,31,,,2.9,,1005.1,,
2021-05-15,33.7,27.3,40.8,30,,,2.3,,1004.2,,
2021-05-16,34.1,26.8,41.5,32,,,2.0,,1003.8,,
2021-05-17,34.7,27.0,42.1,27,,,1.8,,1004.7,,
2021-05-18,35.0,27.4,42.5,28,,,1.6,,1004.6,,
2021-05-19,34.8,28.5,40.9,34,,,1.6,,1004.7,,
2021-05-20,36.2,29.8,42.6,31,,,2.0,,1004.1,,
2021-05-21,37.3,31.0,44.5,27,,,1.9,,1003.5,,
2021-05-22,36.0,30.7,41.9,32,,,2.1,,1004.1,,
2021-05-23,35.1,30.1,41.3,38,,,2.1,,1003.9,,
2021-05-24,35.0,30.0,40.4,38,,,2.5,,1005.6,,
2021-05-25,35.8,30.3,42.0,36,,,2.1,,1005.6,,
2021-05-26,37.0,31.4,43.4,33,,,2.6,,1003.9,,
2021-05-27,30.6,17.1,39.4,29,,,8.0,,1003.9,,
2021-05-28,34.3,28.7,40.4,39,,,4.7,,1005.6,,
2021-05-29,35.6,31.5,41.0,41,,,2.7,,1006.1,,
2021-05-30,36.5,31.7,42.7,38,,,2.7,,1005.8,,
2021-05-31,38.1,32.6,45.0,35,,,3.4,,1003.1,,
2021-06-01,39.3,33.4,46.0,31,,,3.6,,1000.8,,
2021-06-02,38.2,33.3,43.7,36,,,4.1,,1002.1,,
2021-06-03,37.2,32.7,43.2,43,,,3.6,,1003.8,,
2021-06-04,36.1,31.8,41.9,50,,,3.4,,1004.5,,
2021-06-05,35.3,30.8,41.3,53,,,3.1,,1004.9,,
2021-06-06,34.9,30.4,40.7,52,,,2.8,,1005.2,,
2021-06-07,36.2,31.1,43.3,46,,,2.4,,1004.3,,
2021-06-08,36.8,31.6,43.4,44,,,3.6,,1002.6,,
2021-06-09,37.7,32.2,44.7,41,,,2.7,,1002.1,,
2021-06-10,38.2,32.8,45.1,33,,,3.5,,1001.5,,
2021-06-11,38.5,32.6,46.0,30,,,3.4,,1000.6,,
2021-06-12,38.6,33.6,44.7,33,,,4.5,,1000.4,,
2021-06-13,38.9,33.6,45.1,34,,,4.5,,1001.8,,
2021-06-14,38.9,33.1,45.5,31,,,3.7,,1002.3,,
2021-06-15,37.0,31.6,43.6,34,,,2.1,,1002.6,,
2021-06-16,35.9,31.1,42.4,36,,,2.9,,1003.3,,
2021-06-17,36.1,31.9,42.7,36,,,3.1,,1004.1,,
2021-06-18,36.8,31.9,44.1,36,,,2.8,,1003.4,,
2021-06-19,37.5,31.9,45.0,34,,,2.8,,1003.1,,
2021-06-20,37.2,32.5,43.9,32,,,3.1,,1003.2,,
2021-06-21,37.1,32.5,44.0,30,,,3.6,,1003.1,,
2021-06-22,38.4,32.7,47.1,28,,,3.0,,1002.0,,
2021-06-23,37.6,32.5,43.7,33,,,3.2,,1001.7,,
2021-06-24,37.1,32.3,43.1,39,,,3.6,,1002.4,,
2021-06-25,36.4,31.5,42.2,45,,,3.4,,1002.0,,
2021-06-26,37.8,32.1,45.3,39,,,2.5,,999.9,,
2021-06-27,38.1,32.1,45.7,35,,,2.3,,999.7,,
2021-06-28,37.3,31.5,43.7,38,,,3.3,,1001.8,,
2021-06-29,36.8,31.5,42.6,40,,,3.8,,1002.2,,
2021-06-30,36.3,31.8,41.3,45,,,4.7,,1002.5,,
2021-07-01,36.5,31.7,42.4,44,,,3.9,,1003.8,,
2021-07-02,36.9,32.1,42.9,42,,,2.5,,1001.9,,
2021-07-03,37.8,32.2,45.1,40,,,2.9,,1000.1,,
2021-07-04,37.4,32.3,43.1,41,,,3.5,,1000.0,,
2021-07-05,37.3,31.9,43.5,40,,,2.6,,1000.7,,
2021-07-06,37.6,32.2,44.2,34,,,3.1,,999.5,,
2021-07-07,37.3,32.7,43.4,37,,,2.8,,998.8,,
2021-07-08,36.3,32.6,40.8,40,,,3.9,,1001.3,,
2021-07-09,36.4,32.5,42.2,41,,,2.6,,1001.3,,
2021-07-10,36.3,32.3,42.1,39,,,2.1,,999.7,,
2021-07-11,36.0,31.8,41.4,35,,,2.1,,1001.0,,
2021-07-12,36.2,31.5,42.0,32,,,3.2,,1002.4,,
2021-07-13,36.4,32.4,42.1,32,,,3.5,,1001.0,,
2021-07-14,35.8,31.7,41.2,35,,,2.1,,1000.4,,
2021-07-15,35.6,30.4,41.2,34,,,1.9,,1001.1,,
2021-07-16,36.5,30.5,42.8,29,,,2.2,,1001.8,,
2021-07-17,36.2,30.3,42.0,27,,,2.4,,1001.1,,
2021-07-18,35.6,29.9,40.9,30,,,4.1,,1000.9,,
2021-07-19,36.3,32.2,41.4,36,,,3.3,,1002.5,,
2021-07-20,35.8,31.4,41.2,39,,,3.7,,1002.5,,
2021-07-21,34.6,30.5,39.4,50,,,6.7,,1003.3,,
2021-07-22,33.9,30.4,38.1,58,,,7.5,,1005.1,,
2021-07-23,35.0,31.1,40.3,49,,,5.2,,1003.5,,
2021-07-24,35.4,31.8,40.2,40,,,3.1,,1002.3,,
2021-07-25,35.4,31.6,40.7,35,,,3.1,,1002.1,,
2021-07-26,35.2,31.4,40.9,38,,,2.8,,1002.7,,
2021-07-27,34.9,31.4,39.9,44,,,2.9,,1001.6,,
2021-07-28,35.2,32.2,39.8,49,,,4.2,,1000.2,,
2021-07-29,35.8,32.8,40.8,49,,,4.6,,1001.0,,
2021-07-30,36.2,31.8,41.2,42,,,3.8,,1001.8,,
2021-07-31,35.7,31.5,40.1,42,,,6.5,,1003.0,,
2021-08-01,35.5,31.6,39.9,48,,,6.6,,1004.6,,
2021-08-02,35.5,31.3,40.1,47,,,6.6,,1003.7,,
2021-08-03,35.7,31.2,40.5,48,,,6.4,,1005.3,,
2021-08-04,36.8,31.9,42.5,42,,,3.5,,1006.8,,
2021-08-05,37.5,32.4,43.3,37,,,2.5,,1005.9,,
2021-08-06,37.8,32.6,44.2,35,,,2.5,,1004.4,,
2021-08-07,37.8,32.5,44.2,33,,,2.2,,1004.1,,
2021-08-08,37.9,32.7,43.9,32,,,3.1,,1004.2,,
2021-08-09,37.9,33.5,44.0,31,,,4.2,,1003.6,,
2021-08-10,37.8,32.6,44.5,34,,,2.8,,1001.8,,
2021-08-11,37.8,32.5,43.9,33,,,2.4,,1001.8,,
2021-08-12,37.6,32.2,43.8,33,,,2.1,,1003.4,,
2021-08-13,37.2,32.7,43.3,35,,,2.6,,1003.9,,
2021-08-14,36.8,32.5,42.4,41,,,3.2,,1001.5,,
2021-08-15,36.1,32.9,41.3,48,,,4.2,,1001.6,,
2021-08-16,36.4,32.0,42.3,45,,,2.7,,1003.2,,
2021-08-17,36.1,31.7,42.2,45,,,2.7,,1002.7,,
2021-08-18,35.8,31.3,41.6,49,,,2.7,,1001.2,,
2021-08-19,36.1,31.0,42.3,48,,,2.3,,1000.1,,
2021-08-20,36.3,30.8,43.0,44,,,2.1,,999.9,,
2021-08-21,36.1,30.5,43.0,44,,,2.4,,1000.7,,
2021-08-22,36.0,31.1,42.0,43,,,2.3,,1001.6,,
2021-08-23,36.3,31.5,42.5,44,,,2.4,,1001.4,,
2021-08-24,36.0,31.7,41.7,46,,,2.1,,1002.0,,
2021-08-25,35.9,31.6,42.5,48,,,2.6,,1002.2,,
2021-08-26,35.9,32.2,40.9,51,,,4.3,,1001.8,,
2021-08-27,37.5,32.8,44.1,46,,,2.9,,1001.8,,
2021-08-28,37.9,33.0,44.3,44,,,3.2,,1000.7,,
2021-08-29,39.4,33.4,47.3,36,,,2.5,,998.1,,
2021-08-30,39.3,33.6,47.0,35,,,2.6,,997.0,,
2021-08-31,38.1,33.7,44.1,42,,,4.8,,998.7,,
2021-09-01,37.5,33.9,42.5,46,,,5.6,,1000.8,,
2021-09-02,36.2,32.6,40.8,53,,,5.3,,1002.3,,
2021-09-03,35.7,31.7,40.7,55,,,4.0,,1002.2,,
2021-09-04,35.5,31.4,41.0,54,,,3.7,,1002.0,,
2021-09-05,35.8,31.5,41.5,53,,,3.3,,1002.0,,
2021-09-06,35.9,32.1,41.5,52,,,3.1,,1003.5,,
2021-09-07,36.0,32.1,42.7,52,,,2.4,,1004.0,,
2021-09-08,37.3,32.6,44.5,48,,,2.6,,1002.0,,
2021-09-09,37.1,33.3,43.0,49,,,4.7,,1002.0,,
2021-09-10,36.1,32.3,41.5,55,,,3.5,,1004.9,,
2021-09-11,35.8,32.1,41.9,53,,,2.6,,1004.1,,
2021-09-12,35.2,31.9,41.2,50,,,2.8,,1002.7,,
2021-09-13,34.5,30.3,40.7,47,,,2.5,,1003.2,,
2021-09-14,34.8,29.8,41.7,43,,,2.1,,1003.8,,
2021-09-15,33.4,28.7,41.3,43,,,2.1,,1004.4,,
2021-09-16,32.1,25.4,40.3,43,,,2.7,,1003.7,,
2021-09-17,33.4,28.4,40.5,40,,,2.3,,1003.6,,
2021-09-18,34.3,29.4,41.5,37,,,2.6,,1004.6,,
2021-09-19,34.8,30.0,42.1,35,,,2.8,,1005.3,,
2021-09-20,36.1,30.7,43.9,34,,,2.4,,1004.0,,
2021-09-21,37.2,32.1,44.3,33,,,2.5,,1003.6,,
2021-09-22,36.3,32.4,41.7,42,,,3.1,,1004.3,,
2021-09-23,35.7,31.7,41.6,45,,,2.2,,1004.8,,
2021-09-24,35.4,31.3,41.9,43,,,2.4,,1004.2,,
2021-09-25,35.5,32.0,41.9,43,,,2.4,,1004.3,,
2021-09-26,35.1,31.2,40.7,48,,,2.7,,1005.6,,
2021-09-27,34.9,30.6,41.4,49,,,2.2,,1004.8,,
2021-09-28,34.8,30.6,41.3,45,,,2.4,,1003.9,,
2021-09-29,34.3,29.9,40.5,44,,,2.8,,1003.4,,
2021-09-30,34.1,29.0,41.3,45,,,2.3,,1003.4,,
2021-10-01,33.9,28.5,40.5,45,,,2.3,,1003.8,,
2021-10-02,34.6,29.1,41.4,43,,,1.7,,1004.0,,
2021-10-03,34.5,30.1,40.5,42,,,1.6,,1004.6,,
2021-10-04,34.0,29.9,39.7,46,,,2.5,,1005.9,,
2021-10-05,34.1,29.4,40.7,47,,,2.1,,1005.2,,
2021-10-06,34.7,29.6,41.5,45,,,1.5,,1004.4,,
2021-10-07,35.2,29.5,42.4,42,,,1.4,,1003.9,,
2021-10-08,35.5,30.2,42.1,41,,,1.5,,1004.4,,
2021-10-09,35.2,31.1,41.2,47,,,2.8,,1005.4,,
2021-10-10,34.7,30.4,40.7,51,,,3.0,,1007.1,,
2021-10-11,34.6,29.8,41.0,50,,,2.5,,1007.3,,
2021-10-12,34.9,29.3,42.0,46,,,3.2,,1006.1,,
2021-10-13,35.0,29.2,42.8,43,,,2.7,,1006.4,,
2021-10-14,34.9,29.3,42.5,43,,,2.7,,1007.8,,
2021-10-15,35.0,29.8,42.1,43,,,3.0,,1007.9,,
2021-10-16,35.3,29.5,43.1,41,,,1.8,,1007.2,,
2021-10-17,35.6,29.5,43.6,38,,,1.8,,1006.3,,
2021-10-18,35.9,29.7,44.2,37,,,1.5,,1006.6,,
2021-10-19,35.2,29.8,42.5,37,,,1.6,,1008.1,,
2021-10-20,34.4,28.9,41.5,41,,,1.6,,1010.0,,
2021-10-21,33.8,28.4,40.6,44,,,1.7,,1010.6,,
2021-10-22,33.8,28.0,41.2,44,,,1.6,,1010.3,,
2021-10-23,33.1,28.0,39.8,47,,,2.1,,1011.0,,
2021-10-24,32.3,27.7,38.4,52,,,2.5,,1010.9,,
2021-10-25,32.1,27.5,38.2,53,,,2.5,,1009.9,,
2021-10-26,31.8,27.2,37.6,54,,,2.6,,1009.6,,
2021-10-27,31.7,27.2,37.5,55,,,2.3,,1010.0,,
2021-10-28,31.5,27.3,37.2,56,,,2.4,,1009.8,,
2021-10-29,31.9,27.5,38.2,52,,,2.4,,1009.5,,
2021-10-30,32.3,27.2,39.8,49,,,2.0,,1010.3,,
2021-10-31,32.0,27.4,38.6,52,,,2.6,,1011.8,,
2021-11-01,31.5,27.3,37.4,57,,,2.6,,1011.8,,
2021-11-02,31.4,26.9,37.7,58,,,2.5,,1011.0,,
2021-11-03,31.7,26.7,38.7,56,,,1.8,,1010.7,,
2021-11-04,31.4,26.4,37.9,54,,,1.8,,1010.8,,
2021-11-05,31.4,26.2,38.0,53,,,2.1,,1009.7,,
2021-11-06,31.1,26.5,37.2,54,,,2.1,,1008.7,,
2021-11-07,30.7,25.8,36.8,53,,,1.9,,1007.5,,
2021-11-08,30.9,25.7,37.6,50,,,1.7,,1008.0,,
2021-11-09,30.4,25.6,36.3,52,,,2.4,,1010.2,,
2021-11-10,30.4,25.7,36.7,56,,,2.6,,1011.1,,
2021-11-11,30.0,25.6,35.9,58,,,2.9,,1009.8,,
2021-11-12,30.3,25.8,36.4,58,,,3.2,,1008.9,,
2021-11-13,29.8,26.3,35.4,60,,,3.2,,1009.0,,
2021-11-14,29.6,26.3,34.0,59,,,2.8,,1009.5,,
2021-11-15,29.4,25.5,34.7,61,,,2.2,,1010.0,,
2021-11-16,29.5,25.3,35.8,58,,,1.3,,1009.3,,
2021-11-17,30.1,25.1,36.7,52,,,1.3,,1009.1,,
2021-11-18,30.3,25.8,36.2,52,,,1.9,,1010.0,,
2021-11-19,29.3,25.9,34.4,57,,,2.0,,1009.5,,
2021-11-20,27.7,24.7,31.9,56,,,1.8,,1008.6,,
2021-11-21,27.0,24.2,31.4,53,,,1.5,,1009.6,,
2021-11-22,27.2,23.4,33.2,49,,,2.4,,1012.5,,
2021-11-23,28.0,23.2,34.9,48,,,2.1,,1012.3,,
2021-11-24,28.6,23.8,35.5,57,,,2.0,,1010.3,,
2021-11-25,29.0,24.3,35.4,62,,,1.8,,1010.6,,
2021-11-26,29.6,25.1,35.9,62,,,1.8,,1011.7,,
2021-11-27,30.2,25.5,36.7,60,,,1.7,,1012.4,,
2021-11-28,30.4,25.5,37.6,59,,,1.7,,1012.2,,
2021-11-29,30.6,25.3,38.2,55,,,1.9,,1012.3,,
2021-11-30,30.0,24.7,37.4,52,,,1.8,,1012.2,,
2021-12-01,29.1,24.1,36.3,55,,,2.4,,1010.5,,
2021-12-02,28.4,23.6,35.2,59,,,1.7,,1010.7,,
2021-12-03,28.6,23.7,35.4,57,,,1.7,,1012.0,,
2021-12-04,28.6,23.5,35.5,59,,,2.0,,1012.9,,
2021-12-05,28.6,24.2,34.9,65,,,2.6,,1012.6,,
2021-12-06,29.1,24.7,35.4,64,,,1.8,,1012.7,,
2021-12-07,28.8,24.4,35.2,64,,,2.5,,1012.8,,
2021-12-08,28.4,24.4,34.2,68,,,1.9,,1013.5,,
2021-12-09,28.4,24.2,35.0,59,,,1.8,,1013.7,,
2021-12-10,28.1,22.8,35.2,55,,,1.8,,1012.9,,
2021-12-11,28.2,23.5,34.8,54,,,2.2,,1013.0,,
2021-12-12,28.2,23.8,34.8,56,,,2.1,,1013.6,,
2021-12-13,28.3,23.8,35.0,54,,,2.3,,1012.5,,
2021-12-14,27.8,23.2,34.5,58,,,4.2,,1010.5,,
2021-12-15,27.3,23.8,32.1,65,,,4.9,,1010.1,,
2021-12-16,27.3,23.9,32.5,66,,,2.8,,1011.4,,
2021-12-17,26.8,24.4,31.1,69,,,3.7,,1011.7,,
2021-12-18,25.9,23.6,29.7,71,,,3.2,,1012.0,,
2021-12-19,26.0,23.1,30.7,66,,,2.6,,1012.7,,
2021-12-20,25.4,23.2,29.2,66,,,2.5,,1014.0,,
2021-12-21,24.4,21.9,29.2,55,,,4.7,,1015.8,,
2021-12-22,24.7,21.1,30.6,52,,,3.1,,1014.4,,
2021-12-23,25.0,22.1,29.8,59,,,2.4,,1012.7,,
2021-12-24,24.3,22.0,28.9,61,,,2.6,,1012.4,,
2021-12-25,24.4,21.5,29.5,56,,,2.6,,1013.0,,
2021-12-26,25.1,21.6,30.2,58,,,2.7,,1012.7,,
2021-12-27,25.6,22.2,30.9,61,,,2.1,,1013.0,,
2021-12-28,24.4,22.5,28.8,66,,,2.4,,1012.8,,
2021-12-29,23.9,21.8,27.4,61,,,3.7,,1012.4,,
2021-12-30,24.0,21.3,29.0,56,,,1.9,,1012.5,,
2021-12-31,24.4,20.4,30.1,54,,,2.1,,1012.2,,
2022-01-01,23.8,21.6,26.8,65,,,3.3,,1011.0,,
2022-01-02,22.8,20.5,25.9,63,,,3.1,,1011.2,,
2022-01-03,21.5,17.5,27.7,57,,,2.5,,1013.6,,
2022-01-04,23.2,17.6,31.1,49,,,1.7,,1014.7,,
2022-01-05,25.0,19.5,32.6,45,,,2.0,,1013.9,,
2022-01-06,25.4,21.3,31.0,52,,,2.4,,1013.4,,
2022-01-07,25.9,22.4,31.2,63,,,2.5,,1013.0,,
2022-01-08,26.4,22.9,32.0,64,,,2.1,,1013.1,,
2022-01-09,27.1,22.9,33.4,66,,,2.1,,1011.9,,
2022-01-10,26.4,23.9,30.5,70,,,4.2,,1010.1,,
2022-01-11,26.1,23.0,30.6,73,,,2.8,,1012.0,,
2022-01-12,26.8,23.2,32.3,73,,,2.5,,1012.7,,
2022-01-13,26.8,23.7,31.5,76,,,3.8,,1011.7,,
2022-01-14,25.4,23.4,28.5,78,,,3.0,,1011.0,,
2022-01-15,22.7,20.8,25.5,58,,,4.1,,1011.1,,
2022-01-16,21.3,18.7,25.7,51,,,4.1,,1012.1,,
2022-01-17,20.6,17.9,24.9,52,,,3.5,,1013.3,,
2022-01-18,20.7,18.0,25.5,53,,,4.5,,1016.2,,
2022-01-19,20.8,17.5,26.6,56,,,4.0,,1017.1,,
2022-01-20,21.1,17.2,27.4,53,,,4.4,,1017.5,,
2022-01-21,23.7,18.6,31.2,46,,,3.0,,1015.5,,
2022-01-22,24.2,20.0,29.8,58,,,3.4,,1014.0,,
2022-01-23,24.5,21.0,30.0,66,,,3.1,,1013.8,,
2022-01-24,24.3,20.7,30.1,61,,,2.1,,1014.3,,
2022-01-25,24.6,20.3,31.4,59,,,2.4,,1013.5,,
2022-01-26,24.0,20.1,30.4,62,,,2.3,,1013.0,,
2022-01-27,21.9,19.2,27.1,54,,,4.6,,1015.3,,
2022-01-28,22.3,18.0,28.8,49,,,3.8,,1015.3,,
2022-01-29,22.5,19.0,28.0,58,,,3.1,,1014.6,,
2022-01-30,22.7,19.1,28.2,60,,,2.8,,1013.5,,
2022-01-31,21.7,20.0,25.2,60,,,3.6,,1011.9,,
2022-02-01,22.7,18.3,29.2,49,,,4.1,,1013.5,,
2022-02-02,24.9,19.9,32.1,52,,,3.5,,1012.5,,
2022-02-03,25.8,21.4,32.3,68,,,5.3,,1012.5,,
2022-02-04,23.7,20.6,27.1,66,,,4.2,,1013.4,,
2022-02-05,21.4,18.2,27.2,47,,,5.4,,1014.8,,
2022-02-06,23.4,17.2,32.2,42,,,2.4,,1014.0,,
2022-02-07,25.2,18.7,33.7,45,,,1.7,,1013.3,,
2022-02-08,26.0,20.3,33.2,54,,,2.7,,1013.2,,
2022-02-09,26.6,22.2,32.8,65,,,4.0,,1011.8,,
2022-02-10,25.8,22.6,30.7,66,,,3.0,,1011.5,,
2022-02-11,24.2,21.1,29.6,54,,,3.1,,1012.6,,
2022-02-12,25.1,20.1,32.7,45,,,3.0,,1013.0,,
2022-02-13,26.4,21.8,33.2,40,,,1.9,,1011.4,,
2022-02-14,27.2,21.9,34.6,42,,,1.4,,1010.0,,
2022-02-15,27.1,22.0,34.1,48,,,2.1,,1010.5,,
2022-02-16,26.1,22.3,32.5,51,,,2.4,,1010.4,,
2022-02-17,25.7,21.0,32.4,55,,,2.8,,1007.8,,
2022-02-18,25.5,21.9,30.7,63,,,5.6,,1007.3,,
2022-02-19,23.0,19.4,25.7,64,,,4.8,,1010.8,,
2022-02-20,21.0,17.2,27.5,51,,,5.2,,1015.5,,
2022-02-21,24.3,17.5,33.5,41,,,3.0,,1013.4,,
2022-02-22,26.4,20.4,33.9,49,,,3.1,,1010.1,,
2022-02-23,26.8,22.5,32.7,64,,,5.9,,1010.0,,
2022-02-24,27.8,23.4,34.1,64,,,6.3,,1009.9,,
2022-02-25,26.5,23.2,31.4,63,,,3.3,,1011.8,,
2022-02-26,24.4,21.0,30.7,50,,,3.6,,1013.2,,
2022-02-27,25.4,19.2,34.2,49,,,2.8,,1012.9,,
2022-02-28,27.4,21.2,35.4,51,,,2.4,,1011.5,,
2022-03-01,28.4,23.1,35.4,55,,,2.6,,1011.4,,
2022-03-02,29.2,24.2,36.1,57,,,4.0,,1010.5,,
2022-03-03,29.6,25.2,35.7,61,,,6.3,,1009.2,,
2022-03-04,29.1,25.1,35.5,57,,,2.7,,1010.0,,
2022-03-05,29.3,24.0,36.8,54,,,2.7,,1009.6,,
2022-03-06,29.2,24.7,35.4,54,,,4.2,,1008.2,,
2022-03-07,29.3,24.7,35.8,57,,,4.2,,1006.9,,
2022-03-08,29.4,24.7,35.8,55,,,3.0,,1006.9,,
2022-03-09,29.8,25.0,36.4,49,,,4.6,,1005.9,,
2022-03-10,29.7,25.1,36.4,55,,,5.4,,1005.9,,
2022-03-11,26.8,23.4,32.6,55,,,4.3,,1009.3,,
2022-03-12,25.7,21.3,33.0,54,,,3.8,,1009.2,,
2022-03-13,25.4,21.6,31.8,59,,,3.3,,1009.6,,
2022-03-14,25.1,21.5,31.9,60,,,3.0,,1011.2,,
2022-03-15,23.3,20.0,29.8,53,,,5.6,,1012.6,,
2022-03-16,22.1,18.5,28.1,49,,,6.9,,1012.6,,
2022-03-17,25.6,19.5,34.5,40,,,4.6,,1011.4,,
2022-03-18,27.8,21.8,35.4,40,,,3.6,,1011.0,,
2022-03-19,28.4,23.0,35.3,46,,,4.2,,1010.7,,
2022-03-20,28.2,23.9,34.2,54,,,4.2,,1008.6,,
2022-03-21,28.0,23.2,34.3,50,,,2.5,,1007.9,,
2022-03-22,28.8,22.6,36.4,42,,,2.3,,1008.0,,
2022-03-23,28.2,23.4,35.8,40,,,3.2,,1009.7,,
2022-03-24,25.2,21.3,32.3,41,,,5.3,,1012.0,,
2022-03-25,23.0,18.6,30.0,38,,,6.4,,1013.1,,
2022-03-26,24.6,17.7,34.3,38,,,5.2,,1012.8,,
2022-03-27,27.7,20.5,36.1,37,,,3.2,,1011.2,,
2022-03-28,29.0,23.5,35.5,41,,,3.8,,1010.9,,
2022-03-29,30.3,24.8,36.8,42,,,4.6,,1009.3,,
2022-03-30,30.4,25.0,36.9,39,,,4.5,,1008.8,,
2022-03-31,30.7,24.8,38.0,39,,,3.8,,1009.2,,
2022-04-01,31.5,24.9,39.7,36,,,3.7,,1009.7,,
2022-04-02,31.9,25.4,39.5,35,,,3.8,,1009.1,,
2022-04-03,32.7,26.0,40.7,34,,,3.9,,1007.8,,
2022-04-04,33.2,26.8,40.7,33,,,3.8,,1007.5,,
2022-04-05,33.2,26.7,40.8,36,,,3.9,,1007.7,,
2022-04-06,33.1,26.5,40.9,37,,,4.2,,1008.3,,
2022-04-07,32.9,26.5,40.3,37,,,4.8,,1008.8,,
2022-04-08,32.3,26.1,39.6,40,,,5.0,,1008.5,,
2022-04-09,32.6,26.0,40.3,39,,,4.6,,1006.8,,
2022-04-10,32.6,26.5,39.6,37,,,4.2,,1006.0,,
2022-04-11,33.3,27.1,40.6,36,,,4.5,,1005.9,,
2022-04-12,33.6,28.1,40.1,36,,,4.8,,1005.5,,
2022-04-13,33.2,27.8,39.5,38,,,3.5,,1004.5,,
2022-04-14,33.0,27.9,39.2,40,,,3.8,,1004.2,,
2022-04-15,33.2,27.8,39.4,40,,,3.4,,1004.7,,
2022-04-16,33.4,27.5,40.5,37,,,2.8,,1005.0,,
2022-04-17,34.1,27.2,41.9,34,,,2.7,,1004.7,,
2022-04-18,34.4,28.1,41.6,34,,,4.2,,1004.5,,
2022-04-19,34.2,28.4,40.7,36,,,6.9,,1004.7,,
2022-04-20,33.7,29.0,40.0,40,,,3.8,,1005.4,,
2022-04-21,33.3,28.2,39.4,43,,,3.7,,1005.0,,
2022-04-22,33.5,29.0,39.2,44,,,4.9,,1004.7,,
2022-04-23,33.5,29.1,38.7,45,,,7.3,,1003.5,,
2022-04-24,33.1,29.2,38.0,44,,,6.1,,1003.0,,
2022-04-25,32.9,28.2,38.5,44,,,5.0,,1003.8,,
2022-04-26,32.8,27.8,38.3,48,,,5.3,,1004.8,,
2022-04-27,32.8,28.1,38.4,48,,,5.5,,1003.5,,
2022-04-28,33.4,29.1,39.1,44,,,4.4,,1003.7,,
2022-04-29,33.8,27.9,40.8,43,,,2.7,,1006.2,,
2022-04-30,34.2,28.7,41.0,42,,,4.3,,1007.8,,
2022-05-01,34.0,29.0,39.7,47,,,4.3,,1006.8,,
2022-05-02,33.5,28.3,39.3,45,,,2.9,,1006.5,,
2022-05-03,34.3,27.7,41.7,38,,,2.9,,1006.3,,
2022-05-04,35.0,28.9,41.9,36,,,4.0,,1006.6,,
2022-05-05,34.2,29.5,39.9,41,,,2.7,,1007.4,,
2022-05-06,32.4,28.1,38.4,38,,,3.8,,1006.5,,
2022-05-07,30.8,25.3,37.8,33,,,4.2,,1006.6,,
2022-05-08,32.4,24.8,41.1,34,,,2.7,,1006.5,,
2022-05-09,34.8,27.1,43.1,33,,,2.1,,1005.9,,
2022-05-10,35.4,28.9,42.6,30,,,1.8,,1005.7,,
2022-05-11,35.2,28.9,42.9,29,,,2.3,,1007.0,,
2022-05-12,36.0,28.8,44.1,30,,,2.6,,1006.7,,
2022-05-13,36.7,30.4,43.5,31,,,2.8,,1005.9,,
2022-05-14,37.2,30.9,43.9,30,,,3.2,,1005.9,,
2022-05-15,38.0,30.9,45.3,26,,,2.7,,1006.0,,
2022-05-16,38.1,31.1,46.1,24,,,2.6,,1004.9,,
2022-05-17,37.2,30.5,44.3,29,,,2.3,,1003.9,,
2022-05-18,36.3,30.4,42.5,35,,,3.5,,1004.3,,
2022-05-19,36.4,30.0,43.4,35,,,3.3,,1005.4,,
2022-05-20,37.3,30.4,44.8,32,,,2.8,,1004.7,,
2022-05-21,37.5,30.9,44.7,30,,,3.6,,1004.2,,
2022-05-22,37.1,30.8,44.5,30,,,2.1,,1004.0,,
2022-05-23,34.5,30.1,40.8,34,,,3.5,,1003.5,,
2022-05-24,33.9,28.0,41.5,37,,,3.7,,1003.7,,
2022-05-25,34.8,28.5,42.4,38,,,2.4,,1005.1,,
2022-05-26,35.3,29.3,42.0,35,,,2.4,,1005.1,,
2022-05-27,35.1,29.5,42.0,29,,,8.3,,1005.3,,
2022-05-28,35.0,27.8,41.2,16,0.0,,12.7,,1005.7,,
2022-05-29,35.6,28.5,42.7,16,0.0,,13.8,,1006.2,,
2022-05-30,36.0,29.3,42.6,14,0.0,,16.3,,1005.9,,
2022-05-31,36.3,29.5,43.8,12,0.0,,16.5,,1004.6,,
2022-06-01,36.1,29.1,43.7,11,0.0,,17.5,,1003.4,,
2022-06-02,35.8,29.2,41.7,17,0.0,,16.0,,1003.2,,
2022-06-03,35.8,27.9,42.7,19,0.0,,14.5,,1003.7,,
2022-06-04,35.2,28.9,42.1,21,0.0,,13.7,,1004.8,,
2022-06-05,36.1,27.9,44.0,18,0.0,,12.9,,1004.6,,
2022-06-06,34.6,28.9,40.9,24,0.0,,13.4,,1003.9,,
2022-06-07,34.1,27.3,39.2,30,0.0,,14.4,,1002.8,,
2022-06-08,34.9,28.5,40.7,26,0.0,,14.2,,1003.5,,
2022-06-09,34.3,27.9,39.8,32,0.0,,12.0,,1004.1,,
2022-06-10,34.1,27.5,39.6,37,0.0,,11.4,,1004.1,,
2022-06-11,35.5,29.0,40.4,32,0.0,,14.3,,1004.0,,
2022-06-12,34.9,29.1,40.9,33,0.0,,14.8,,1003.2,,
2022-06-13,35.5,30.6,41.1,24,0.0,,14.1,,1003.8,,
2022-06-14,37.9,32.4,45.3,29,0.0,,5.1,,1001.9,,
2022-06-15,36.7,31.4,44.2,30,0.0,,3.8,,1001.5,,
2022-06-16,36.1,30.0,43.8,33,0.0,,2.7,,1000.6,,
2022-06-17,36.1,30.2,43.1,35,0.0,,2.3,,1001.5,,
2022-06-18,36.4,31.2,42.3,37,0.0,,3.7,,1000.9,,
2022-06-19,37.0,31.6,43.3,39,0.0,,3.1,,1001.0,,
2022-06-20,36.8,31.9,43.0,43,0.0,,3.4,,1000.8,,
2022-06-21,35.7,31.4,41.3,48,0.0,,3.6,,999.9,,
2022-06-22,34.7,30.6,40.1,46,0.0,,2.2,,999.5,,
2022-06-23,35.2,30.8,41.4,37,0.0,,2.4,,1000.4,,
2022-06-24,36.4,30.8,43.8,34,0.0,,2.6,,1000.6,,
2022-06-25,36.6,31.9,42.0,34,0.0,,3.4,,1002.3,,
2022-06-26,36.9,31.6,42.9,31,0.0,,2.2,,1003.0,,
2022-06-27,37.7,32.5,44.7,28,0.0,,3.3,,1001.8,,
2022-06-28,37.4,32.1,43.7,29,0.0,,2.4,,1001.3,,
2022-06-29,36.4,31.7,41.9,28,0.0,,2.9,,1002.0,,
2022-06-30,35.8,31.0,41.2,27,0.0,,4.0,,1002.0,,
2022-07-01,35.6,30.7,41.6,26,0.0,,3.8,,1002.4,,
2022-07-02,35.9,30.8,41.7,26,0.0,,3.6,,1002.9,,
2022-07-03,35.6,30.5,40.9,26,0.0,,3.1,,1002.2,,
2022-07-04,35.5,29.4,41.2,27,0.0,,2.3,,1002.6,,
2022-07-05,36.1,29.9,41.8,26,0.0,,2.1,,1003.7,,
2022-07-06,36.2,30.4,41.9,26,0.0,,3.3,,1002.2,,
2022-07-07,35.7,31.0,40.6,28,0.0,,3.8,,1002.4,,
2022-07-08,35.9,31.0,41.7,29,0.0,,2.8,,1002.0,,
2022-07-09,36.0,30.6,41.9,27,0.0,,2.2,,1002.2,,
2022-07-10,36.0,30.3,41.4,27,0.0,,3.1,,1001.7,,
2022-07-11,36.4,30.6,42.5,29,0.0,,2.8,,1002.3,,
2022-07-12,36.1,30.6,41.9,32,0.0,,2.9,,1003.7,,
2022-07-13,35.7,31.5,41.2,35,0.0,,3.4,,1003.3,,
2022-07-14,36.1,31.6,41.7,34,0.0,,2.1,,1002.0,,
2022-07-15,36.2,31.5,41.7,32,0.0,,2.2,,1001.5,,
2022-07-16,35.9,31.0,41.5,32,0.0,,2.4,,1002.0,,
2022-07-17,35.2,30.0,40.8,32,0.0,,2.1,,1001.4,,
2022-07-18,35.6,30.0,41.7,33,0.0,,2.0,,1001.0,,
2022-07-19,36.2,30.8,42.3,32,,,2.8,,1000.1,,
2022-07-20,35.8,31.6,41.0,36,,,3.1,,1000.8,,
2022-07-21,35.2,31.3,39.9,45,,,4.1,,1000.3,,
2022-07-22,35.2,30.9,41.0,48,,,3.6,,1001.3,,
2022-07-23,35.7,31.4,41.7,49,,,3.0,,1000.0,,
2022-07-24,35.4,31.8,39.9,49,,,5.1,,1000.0,,
2022-07-25,35.5,32.2,39.1,44,,,6.9,,1001.7,,
2022-07-26,36.8,31.9,42.0,41,,,5.6,,1001.2,,
2022-07-27,37.1,32.3,42.3,41,,,4.4,,1000.3,,
2022-07-28,37.0,32.9,42.1,45,,,4.4,,1001.4,,
2022-07-29,37.0,32.3,42.9,41,,,2.6,,1001.9,,
2022-07-30,36.5,32.2,42.1,38,,,1.8,,1001.9,,
2022-07-31,36.3,32.0,42.0,38,,,2.4,,1000.5,,
2022-08-01,35.4,31.3,40.2,37,,,3.3,,1001.0,,
2022-08-02,34.0,30.8,37.8,43,,,8.2,,1003.1,,
2022-08-03,34.0,30.4,38.9,49,,,7.6,,1003.3,,
2022-08-04,34.6,30.6,39.1,48,,,5.5,,1003.1,,
2022-08-05,35.6,32.0,40.9,45,,,4.5,,1003.1,,
2022-08-06,35.6,31.8,40.2,44,,,4.8,,1002.4,,
2022-08-07,35.6,32.5,39.6,47,,,6.0,,1001.5,,
2022-08-08,35.5,32.4,39.8,51,,,6.1,,1001.8,,
2022-08-09,35.6,32.7,40.1,52,,,5.0,,1001.7,,
2022-08-10,35.7,32.7,40.0,53,,,5.3,,1001.0,,3
2022-08-11,35.8,32.7,40.7,54,,,4.9,,1000.6,,3
2022-08-12,36.2,32.9,40.9,52,,,4.6,,1001.0,,3
2022-08-13,36.2,32.6,41.0,50,,,3.4,,1000.6,,2
2022-08-14,36.2,32.7,41.9,45,,,3.0,,1000.3,,2
2022-08-15,35.8,31.7,41.7,44,,,2.8,,1000.9,,2
2022-08-16,35.8,31.7,42.0,45,,,2.6,,1001.2,,1
2022-08-17,35.4,31.3,40.5,49,,,4.0,,1001.0,,2
2022-08-18,35.6,31.4,40.7,51,,,4.3,,1000.9,,2
2022-08-19,35.6,31.9,40.1,50,,,5.0,,1002.1,,2
2022-08-20,35.9,31.9,41.3,46,,,3.7,,1003.1,,2
2022-08-21,36.0,31.7,41.8,40,,,2.0,,1002.9,,2
2022-08-22,36.5,31.7,42.7,34,,,3.0,,1003.1,,2
2022-08-23,36.9,32.5,43.4,30,,,4.5,,1002.4,,2
2022-08-24,37.1,32.4,44.0,33,,,3.6,,1001.4,,2
2022-08-25,35.7,31.7,40.4,41,,,4.1,,1003.2,,2
2022-08-26,35.8,30.7,41.5,39,,,3.7,,1002.4,,2
2022-08-27,36.4,30.8,42.9,36,,,2.0,,1001.6,,2
2022-08-28,37.1,31.9,43.5,33,,,2.7,,1002.4,,3
2022-08-29,37.8,32.7,44.4,32,,,2.6,,1002.9,,3
2022-08-30,37.3,32.9,42.8,39,,,4.2,,1002.5,,2
2022-08-31,37.1,32.3,42.9,45,,,4.2,,1001.6,,1
2022-09-01,36.0,31.8,40.9,51,,,5.2,,1002.0,,2
2022-09-02,36.2,31.8,41.5,49,,,4.5,,1003.0,,2
2022-09-03,36.3,31.7,42.0,47,,,3.7,,1003.7,,1
2022-09-04,35.4,31.4,40.6,54,,,4.0,,1004.4,,1
2022-09-05,35.1,30.8,40.7,54,,,3.9,,1004.9,,1
2022-09-06,35.3,31.0,41.6,53,,,2.7,,1003.3,,2
2022-09-07,35.9,31.8,42.9,49,,,2.3,,1001.3,,1
2022-09-08,35.5,31.0,42.1,50,,,2.9,,1002.0,,1
2022-09-09,35.9,30.8,42.6,50,,,3.2,,1003.6,,1
2022-09-10,36.3,31.1,43.3,48,,,3.0,,1003.4,,1
2022-09-11,35.4,31.1,40.7,55,,,3.8,,1002.9,,2
2022-09-12,35.1,31.1,40.2,57,,,4.1,,1001.9,,2
2022-09-13,35.4,31.6,40.9,56,,,2.9,,1002.5,,3
2022-09-14,36.0,31.6,42.7,49,,,2.5,,1003.7,,2
2022-09-15,36.2,31.9,43.2,44,,,2.6,,1003.8,,1
2022-09-16,35.9,31.2,42.4,47,,,3.1,,1003.0,,2
2022-09-17,35.2,31.2,40.8,50,,,3.0,,1003.2,,2
2022-09-18,34.9,30.9,41.1,47,,,2.2,,1004.8,,2
2022-09-19,34.4,30.0,41.0,43,,,2.7,,1005.0,,1
2022-09-20,33.9,29.5,40.3,41,,,2.5,,1005.1,,1
2022-09-21,33.8,29.0,40.3,38,,,1.9,,1005.7,,1
2022-09-22,33.7,28.8,40.1,35,,,2.1,,1005.0,,0
2022-09-23,34.0,28.3,41.1,35,,,1.9,,1004.8,,1
2022-09-24,34.6,29.9,40.4,41,,,2.2,,1005.7,,2
2022-09-25,35.7,30.7,42.1,41,,,2.4,,1004.6,,2
2022-09-26,37.1,32.2,44.2,34,,,1.9,,1004.9,,1
2022-09-27,36.8,31.0,44.0,31,,,2.5,,1005.7,,1
2022-09-28,36.6,31.2,43.8,32,,,2.2,,1005.6,,1
2022-09-29,35.9,29.9,43.2,35,,,1.8,,1004.1,,1
2022-09-30,35.3,29.6,42.3,38,,,3.1,,1004.6,,0
2022-10-01,34.1,29.2,39.9,43,,,3.2,,1006.4,,1
2022-10-02,33.8,28.7,40.2,47,,,3.2,,1005.2,,0
2022-10-03,33.4,28.7,39.1,49,,,3.5,,1004.3,,0
2022-10-04,33.8,28.8,40.1,48,,,2.7,,1005.7,,1
2022-10-05,34.9,29.1,42.4,42,,,2.0,,1007.5,,1
2022-10-06,35.6,29.2,43.8,38,,,1.8,,1006.8,,0
2022-10-07,34.9,29.7,41.3,42,,,2.8,,1005.8,,0
2022-10-08,34.5,29.6,40.8,46,,,2.3,,1005.8,,0
2022-10-09,34.3,29.3,41.1,48,,,2.0,,1006.5,,0
2022-10-10,34.0,28.8,40.6,49,,,2.3,,1008.3,,0
2022-10-11,33.7,28.6,40.5,49,,,2.5,,1008.9,,0
2022-10-12,33.3,28.3,39.9,50,,,2.4,,1008.5,,0
2022-10-13,33.4,28.0,40.7,48,,,2.4,,1008.0,,0
2022-10-14,32.8,27.7,39.4,50,,,3.0,,1007.1,,1
2022-10-15,32.7,27.6,39.1,53,,,2.8,,1007.1,,0
2022-10-16,32.8,27.6,39.4,51,,,2.5,,1008.3,,0
2022-10-17,32.9,28.0,39.4,50,,,2.1,,1009.9,,0
2022-10-18,32.9,28.0,39.3,51,,,2.2,,1010.4,,0
2022-10-19,32.7,27.7,39.1,51,,,2.1,,1009.4,,0
2022-10-20,32.7,27.3,39.6,50,,,2.0,,1008.4,,0
2022-10-21,32.7,27.7,39.0,49,,,2.5,,1008.6,,0
2022-10-22,32.5,27.7,38.8,51,,,2.0,,1010.2,,0
2022-10-23,32.4,27.5,39.4,53,,,1.7,,1011.5,,0
2022-10-24,32.0,27.3,38.2,55,,,1.8,,1010.5,,0
2022-10-25,31.7,27.5,37.1,56,,,2.1,,1008.9,,1
2022-10-26,32.1,28.2,37.9,56,,,2.0,,1009.7,,2
2022-10-27,32.4,28.2,38.8,55,,,1.7,,1010.3,,3
2022-10-28,32.0,27.6,38.4,56,,,2.1,,1009.8,,1
2022-10-29,31.5,27.1,37.2,58,,,2.3,,1009.0,,1
2022-10-30,31.6,27.2,37.6,60,,,2.5,,1009.4,,1
2022-10-31,31.7,27.1,38.1,59,,,2.5,,1009.6,,0
2022-11-01,31.4,27.2,37.5,59,,,1.7,,1010.0,,0
2022-11-02,30.8,26.8,37.2,57,,,1.7,,1010.1,,1
2022-11-03,30.0,25.9,36.2,53,,,1.8,,1009.9,,0
2022-11-04,30.0,25.2,36.5,51,,,1.4,,1009.9,,1
2022-11-05,30.2,25.4,36.6,54,,,2.0,,1010.3,,1
2022-11-06,30.4,25.6,36.7,53,,,2.0,,1011.0,,1
2022-11-07,30.5,26.0,36.7,56,,,2.0,,1010.9,,0
2022-11-08,29.9,26.2,35.2,59,,,2.1,,1010.3,,1
2022-11-09,29.8,25.7,35.5,58,,,2.1,,1009.8,,1
2022-11-10,29.5,26.0,34.0,59,,,2.6,,1010.0,,2
2022-11-11,29.2,26.7,33.9,62,,,2.4,,1010.9,,3
2022-11-12,30.0,26.5,34.9,61,,,2.4,,1011.7,,2
2022-11-13,30.5,26.6,36.2,62,,,2.1,,1011.9,,1
2022-11-14,30.3,26.3,36.0,64,,,2.0,,1011.4,,1
2022-11-15,30.0,26.2,35.3,66,,,2.8,,1010.9,,1
2022-11-16,29.6,26.5,34.0,67,,,3.5,,1010.2,,2
2022-11-17,29.4,26.0,34.6,64,,,2.8,,1010.3,,2
2022-11-18,29.6,25.5,35.3,59,,,1.8,,1010.5,,1
2022-11-19,29.9,25.9,35.7,57,,,1.4,,1010.8,,1
2022-11-20,29.8,25.4,36.2,55,,,1.8,,1010.9,,0
2022-11-21,29.9,25.6,36.3,57,,,2.3,,1010.7,,1
2022-11-22,29.8,25.7,35.8,59,,,2.8,,1010.8,,1
2022-11-23,29.3,25.5,34.5,61,,,3.2,,1010.1,,2
2022-11-24,28.3,26.1,32.0,65,,,4.9,,1009.6,,3
2022-11-25,28.4,24.6,34.0,64,,,2.1,,1010.5,,2
2022-11-26,29.1,25.1,35.3,59,,,1.4,,1011.0,,1
2022-11-27,29.3,25.0,35.7,59,,,1.9,,1009.5,,1
2022-11-28,29.1,25.3,35.0,64,,,3.7,,1008.5,,1
2022-11-29,28.6,25.4,33.1,69,,,6.4,,1008.3,,2
2022-11-30,28.7,24.7,34.5,66,,,3.5,,1009.6,,2
2022-12-01,29.0,25.2,34.6,65,,,1.8,,1010.8,,2
2022-12-02,29.1,25.4,34.7,62,,,1.8,,1010.6,,1
2022-12-03,29.0,25.2,34.8,61,,,2.3,,1010.0,,1
2022-12-04,28.9,25.4,34.3,62,,,1.8,,1010.9,,2
2022-12-05,28.2,25.1,32.9,65,,,2.1,,1011.5,,2
2022-12-06,27.5,24.8,31.8,66,,,2.0,,1011.5,,2
2022-12-07,27.7,24.4,33.2,57,,,1.6,,1011.5,,2
2022-12-08,28.0,24.1,34.4,53,,,1.7,,1012.5,,1
2022-12-09,27.4,23.6,33.4,55,,,1.8,,1012.7,,1
2022-12-10,27.9,23.5,34.5,54,,,1.8,,1011.5,,0
2022-12-11,27.8,23.8,33.7,60,,,2.7,,1011.1,,1
2022-12-12,27.3,23.9,32.4,66,,,2.8,,1011.5,,3
2022-12-13,27.4,23.8,32.9,63,,,2.2,,1011.2,,2
2022-12-14,27.6,23.9,33.0,62,,,2.1,,1011.6,,2
2022-12-15,27.8,23.7,34.0,57,,,1.7,,1011.6,,1
2022-12-16,27.9,23.2,34.7,52,,,1.6,,1010.9,,0
2022-12-17,28.4,23.8,35.4,53,,,2.1,,1010.8,,1
2022-12-18,28.3,23.8,35.2,58,,,2.4,,1011.8,,0
2022-12-19,28.0,23.3,34.9,58,,,2.3,,1011.6,,0
2022-12-20,27.6,22.9,34.1,57,,,3.1,,1010.1,,2
2022-12-21,27.0,23.7,31.7,61,,,4.6,,1009.7,,3
2022-12-22,26.9,23.9,31.4,63,,,5.2,,1009.2,,3
2022-12-23,24.2,21.2,26.6,65,,,4.2,,1010.2,,4
2022-12-24,22.8,18.9,28.5,56,,,1.8,,1013.6,,1
2022-12-25,22.4,19.2,26.9,55,,,1.8,,1014.3,,2
2022-12-26,22.2,19.4,27.5,52,,,4.0,,1015.8,,2
2022-12-27,21.8,18.2,28.1,53,,,4.6,,1017.2,,1
2022-12-28,23.6,18.6,30.6,46,,,2.6,,1016.5,,0
2022-12-29,25.0,20.7,30.6,47,,,2.4,,1014.7,,2
2022-12-30,24.6,22.2,28.0,64,,,2.7,,1015.6,,6
2022-12-31,24.9,21.1,30.5,71,,,1.7,,1016.4,,4
2023-01-01,25.3,22.3,29.1,75,,,2.3,,1015.6,,4
2023-01-02,25.8,23.2,29.1,73,,,2.1,,1014.9,,6
2023-01-03,25.9,23.5,29.7,75,,,3.1,,1015.1,,5
2023-01-04,24.3,22.6,26.7,77,,,3.0,,1015.1,,6
2023-01-05,23.7,21.2,28.0,65,,,2.4,,1014.9,,5
2023-01-06,23.6,20.6,28.7,58,,,2.9,,1015.0,,3
2023-01-07,24.1,19.8,30.7,60,,,2.2,,1015.1,,2
2023-01-08,24.6,20.7,29.9,69,,,2.2,,1013.6,,3
2023-01-09,23.5,21.7,26.8,75,,,2.5,,1013.5,,5
2023-01-10,23.1,19.8,28.5,56,,,3.8,,1016.3,,4
2023-01-11,24.2,20.4,29.4,54,,,2.0,,1015.1,,3
2023-01-12,24.6,21.4,29.8,62,,,1.7,,1013.8,,4
2023-01-13,24.3,21.4,29.2,65,,,2.3,,1013.7,,4
2023-01-14,23.7,21.5,27.2,69,,,1.8,,1013.8,,5
2023-01-15,24.4,21.2,29.4,66,,,2.5,,1014.1,,3
2023-01-16,23.9,21.2,27.8,70,,,2.8,,1013.6,,3
2023-01-17,24.3,21.1,29.6,56,,,3.7,,1014.8,,4
2023-01-18,25.8,21.3,32.7,52,,,2.1,,1014.0,,2
2023-01-19,26.7,22.0,33.5,52,,,1.4,,1013.3,,1
2023-01-20,26.7,22.1,33.3,65,,,3.1,,1012.4,,1
2023-01-21,26.9,22.7,32.9,70,,,2.8,,1011.7,,1
2023-01-22,26.9,23.1,32.9,68,,,2.6,,1011.2,,2
2023-01-23,26.8,23.0,32.6,66,,,2.4,,1011.9,,1
2023-01-24,26.6,22.8,32.3,65,,,2.0,,1012.2,,2
2023-01-25,25.5,22.3,30.0,65,,,2.1,,1011.1,,3
2023-01-26,25.5,21.3,31.8,58,,,2.1,,1011.0,,2
2023-01-27,26.3,21.4,33.4,54,,,2.0,,1010.8,,1
2023-01-28,27.1,22.3,34.3,56,,,1.9,,1011.3,,1
2023-01-29,27.5,22.8,34.7,59,,,2.4,,1010.6,,0
2023-01-30,27.3,23.0,34.0,65,,,4.8,,1010.0,,1
2023-01-31,26.6,23.4,31.9,69,,,6.9,,1010.0,,2
2023-02-01,24.7,22.1,28.8,64,,,2.5,,1012.4,,3
2023-02-02,22.6,19.6,27.8,50,,,4.2,,1015.4,,2
2023-02-03,23.7,18.5,31.3,47,,,2.6,,1014.8,,1
2023-02-04,23.8,20.0,30.0,55,,,1.9,,1014.0,,1
2023-02-05,24.6,19.5,32.0,59,,,3.1,,1012.0,,1
2023-02-06,24.8,21.4,30.4,66,,,3.7,,1011.7,,3
2023-02-07,23.8,21.2,28.9,54,,,3.6,,1013.6,,3
2023-02-08,22.8,19.2,29.5,49,,,4.1,,1015.0,,2
2023-02-09,25.3,19.3,33.9,47,,,2.5,,1013.9,,1
2023-02-10,26.7,21.4,34.0,55,,,2.5,,1012.6,,0
2023-02-11,26.7,22.6,32.5,64,,,5.9,,1012.2,,1
2023-02-12,26.0,22.7,31.6,69,,,3.3,,1012.8,,2
2023-02-13,25.5,21.9,30.9,63,,,3.0,,1012.9,,1
2023-02-14,24.4,21.0,29.3,62,,,4.2,,1011.5,,1
2023-02-15,22.7,20.5,26.6,54,,,4.0,,1012.0,,3
2023-02-16,22.3,18.8,28.2,47,,,3.9,,1014.4,,2
2023-02-17,24.8,19.4,32.2,48,,,3.1,,1013.4,,2
2023-02-18,26.4,22.3,32.0,54,,,3.2,,1013.1,,2
2023-02-19,27.5,22.6,34.1,56,,,2.9,,1013.2,,1
2023-02-20,27.9,23.1,34.8,56,,,2.6,,1012.8,,2
2023-02-21,27.7,23.1,34.2,56,,,3.1,,1012.0,,1
2023-02-22,27.3,22.8,33.8,59,,,2.9,,1011.4,,0
2023-02-23,26.4,22.2,32.6,60,,,2.7,,1010.4,,1
2023-02-24,26.4,21.2,33.6,52,,,2.1,,1010.3,,0
2023-02-25,26.6,22.0,33.1,48,,,2.7,,1011.1,,1
2023-02-26,26.7,22.2,33.1,52,,,2.4,,1013.0,,1
2023-02-27,27.7,22.3,35.0,52,,,2.2,,1013.6,,1
2023-02-28,28.3,23.8,34.6,55,,,3.0,,1012.1,,1
2023-03-01,29.0,24.2,35.8,57,,,3.1,,1010.8,,1
2023-03-02,29.8,25.0,36.6,54,,,3.1,,1010.5,,1
2023-03-03,30.2,25.9,36.4,54,,,3.2,,1011.1,,2
2023-03-04,30.6,26.7,36.2,52,,,3.9,,1012.0,,3
2023-03-05,30.7,27.1,36.7,55,,,4.3,,1011.5,,2
2023-03-06,30.9,26.8,37.0,55,,,5.5,,1009.8,,1
2023-03-07,30.9,26.8,36.8,52,,,3.8,,1008.1,,1
2023-03-08,29.9,26.5,35.6,53,,,3.3,,1008.3,,2
2023-03-09,27.5,24.0,33.7,48,,,3.5,,1009.6,,1
2023-03-10,26.2,21.6,33.1,43,,,3.4,,1010.2,,1
2023-03-11,27.6,23.0,33.8,50,,,4.4,,1008.6,,2
2023-03-12,26.9,24.3,30.0,58,,,3.8,,1007.7,,4
2023-03-13,26.6,20.8,33.5,52,,,2.0,,1008.5,,1
2023-03-14,26.8,20.7,33.8,49,,,3.5,,1008.1,,2
2023-03-15,26.5,23.2,32.3,55,,,3.3,,1008.6,,2
2023-03-16,26.0,19.5,34.2,47,,,2.6,,1010.0,,0
2023-03-17,27.7,20.6,35.8,40,,,2.4,,1009.5,,1
2023-03-18,28.5,24.5,33.9,40,,,2.1,,1009.2,,2
2023-03-19,28.2,22.3,35.3,36,,,2.1,,1010.2,,1
2023-03-20,25.7,21.5,32.0,39,,,3.2,,1010.1,,0
2023-03-21,23.4,18.3,30.0,43,,,3.7,,1009.9,,0
2023-03-22,24.8,17.9,32.9,43,,,2.2,,1009.2,,0
2023-03-23,26.6,20.2,34.2,44,,,3.2,,1008.1,,1
2023-03-24,28.5,21.9,36.0,41,,,3.2,,1007.8,,0
2023-03-25,29.4,23.7,36.0,44,,,6.9,,1005.7,,2
2023-03-26,27.8,23.7,32.1,46,,,4.4,,1007.3,,2
2023-03-27,25.3,20.7,31.8,45,,,3.1,,1010.1,,1
2023-03-28,27.0,19.9,35.4,41,,,2.6,,1011.0,,0
2023-03-29,29.5,23.1,37.2,39,,,2.9,,1009.6,,0
2023-03-30,29.4,25.4,35.4,45,,,3.1,,1009.3,,1
2023-03-31,26.5,23.0,32.5,42,,,4.5,,1010.2,,2
2023-04-01,26.4,20.7,33.9,45,,,3.5,,1009.9,,1
2023-04-02,27.7,22.3,34.4,46,,,2.7,,1009.3,,2
2023-04-03,28.4,22.3,35.9,47,,,3.4,,1008.0,,2
2023-04-04,29.5,23.4,36.4,45,,,4.2,,1007.7,,3
2023-04-05,30.3,25.9,36.1,46,,,4.2,,1008.2,,3
2023-04-06,30.3,26.3,36.4,46,,,3.1,,1008.0,,2
2023-04-07,30.6,26.4,35.9,50,,,3.8,,1007.6,,3
2023-04-08,31.3,28.3,36.0,48,,,4.2,,1008.1,,3
2023-04-09,31.5,28.6,36.3,46,,,4.6,,1008.0,,3
2023-04-10,31.3,28.5,35.8,48,,,6.5,,1005.8,,2
2023-04-11,31.8,26.9,38.3,52,,,9.1,,1004.6,,1
2023-04-12,30.0,25.5,34.4,53,,,6.2,,1006.0,,2
2023-04-13,27.6,24.0,34.0,42,,,5.5,,1010.4,,2
2023-04-14,29.3,24.0,35.6,46,,,4.9,,1010.1,,2
2023-04-15,30.5,27.5,35.1,54,,,5.6,,1008.7,,2
2023-04-16,30.7,26.8,36.1,56,,,5.5,,1006.9,,2
2023-04-17,31.7,26.7,38.3,52,,,4.7,,1005.8,,2
2023-04-18,31.9,27.3,37.7,50,,,4.5,,1006.9,,1
2023-04-19,32.3,28.0,37.8,47,,,3.9,,1006.8,,1
2023-04-20,32.7,28.0,38.6,45,,,3.6,,1004.4,,1
2023-04-21,33.3,28.1,39.4,43,,,3.0,,1003.0,,2
2023-04-22,33.0,28.1,38.7,43,,,3.8,,1003.6,,1
2023-04-23,32.9,28.1,38.2,44,,,4.9,,1005.4,,1
2023-04-24,33.4,28.4,39.4,42,,,4.2,,1005.7,,2
2023-04-25,33.9,29.6,39.1,42,,,3.4,,1005.6,,1
2023-04-26,33.2,27.8,39.2,41,,,2.4,,1005.9,,1
2023-04-27,33.2,27.7,38.8,38,,,2.6,,1005.5,,1
2023-04-28,33.1,28.3,38.6,36,,,2.4,,1006.0,,1
2023-04-29,32.7,27.2,39.0,33,,,2.2,,1006.1,,1
2023-04-30,31.2,26.3,37.4,31,,,3.7,,1007.1,,1
2023-05-01,30.6,25.2,37.4,32,,,3.1,,1008.1,,1
2023-05-02,31.6,25.5,38.7,33,,,2.0,,1008.4,,1
2023-05-03,32.4,25.7,39.5,33,,,1.8,,1008.8,,1
2023-05-04,33.0,26.4,40.3,32,,,1.8,,1008.2,,0
2023-05-05,33.5,27.2,40.4,33,,,2.7,,1007.0,,1
2023-05-06,33.8,28.1,40.3,31,,,2.0,,1006.5,,2
2023-05-07,34.0,28.2,41.0,30,,,2.7,,1006.7,,2
2023-05-08,33.0,29.0,38.9,30,,,3.8,,1006.6,,2
2023-05-09,31.3,26.2,37.4,30,,,3.4,,1006.7,,1
2023-05-10,32.6,25.9,40.3,33,,,2.1,,1005.9,,1
2023-05-11,34.6,28.4,41.0,32,,,2.3,,1006.4,,1
2023-05-12,36.1,29.1,43.7,28,,,2.8,,1006.5,,0
2023-05-13,35.6,30.0,42.3,30,,,1.9,,1007.1,,0
2023-05-14,35.3,29.2,42.2,34,,,1.9,,1006.7,,0
2023-05-15,34.6,29.7,40.0,39,,,3.5,,1005.1,,1
2023-05-16,34.7,29.2,40.7,40,,,4.2,,1004.5,,0
2023-05-17,35.3,29.8,41.1,40,,,3.7,,1004.2,,0
2023-05-18,35.6,30.4,41.0,40,,,3.3,,1005.0,,1
2023-05-19,35.4,30.1,41.4,36,,,2.5,,1005.7,,0
2023-05-20,34.3,29.9,39.6,37,,,2.5,,1006.0,,1
2023-05-21,33.3,28.4,39.5,35,,,2.2,,1006.6,,1
2023-05-22,33.6,28.0,39.7,36,,,3.2,,1007.1,,1
2023-05-23,35.1,29.8,41.3,37,,,3.5,,1006.5,,1
2023-05-24,35.6,30.8,41.2,35,,,2.7,,1006.7,,1
2023-05-25,35.9,31.0,41.5,36,,,3.2,,1006.7,,1
2023-05-26,36.0,31.0,41.9,38,,,2.7,,1006.7,,0
2023-05-27,35.9,31.1,41.8,38,,,4.5,,1005.4,,1
2023-05-28,35.9,31.7,41.3,40,,,6.1,,1004.7,,1
2023-05-29,35.8,32.2,40.6,40,,,6.4,,1005.2,,3
2023-05-30,35.6,31.6,40.6,40,,,3.6,,1007.5,,2
2023-05-31,35.4,31.0,41.4,39,,,2.5,,1007.9,,1
2023-06-01,36.0,30.4,42.8,34,,,2.8,,1007.1,,1
2023-06-02,37.4,31.7,44.2,32,,,2.5,,1006.3,,1
2023-06-03,37.9,32.9,43.8,31,,,2.8,,1006.6,,1
2023-06-04,37.7,33.1,43.0,32,,,3.1,,1006.2,,1
2023-06-05,37.5,32.9,42.9,33,,,3.0,,1005.0,,2
2023-06-06,37.6,32.7,43.6,33,,,2.7,,1005.2,,1
2023-06-07,37.9,32.7,44.2,31,,,2.7,,1005.0,,2
2023-06-08,38.4,32.1,46.0,28,,,2.5,,1004.5,,0
2023-06-09,39.1,32.7,45.7,28,,,2.8,,1003.1,,1
2023-06-10,38.2,33.1,43.5,32,,,4.1,,1002.1,,1
2023-06-11,37.9,33.0,44.1,32,,,2.3,,1003.1,,1
2023-06-12,36.7,32.3,41.9,28,,,3.4,,1004.4,,1
2023-06-13,36.1,30.5,42.3,26,,,3.1,,1003.6,,0
2023-06-14,37.3,30.6,44.1,29,,,3.2,,1002.5,,0
2023-06-15,37.6,32.4,44.0,32,,,2.8,,1003.2,,1
2023-06-16,37.4,31.8,44.0,32,,,3.0,,1003.2,,0
2023-06-17,37.2,30.7,44.3,29,,,2.6,,1002.9,,0
2023-06-18,38.1,31.4,45.0,29,,,2.9,,1002.3,,0
2023-06-19,37.6,32.0,44.2,33,,,2.5,,1002.4,,0
2023-06-20,37.0,31.3,43.9,34,,,3.5,,1002.4,,0
2023-06-21,36.9,31.3,43.3,31,,,3.5,,1002.2,,1
2023-06-22,36.6,30.9,43.5,31,,,3.0,,1002.1,,1
2023-06-23,37.0,31.3,44.0,30,,,2.8,,1002.0,,1
2023-06-24,37.1,31.6,43.5,31,,,2.8,,1002.7,,1
2023-06-25,37.1,31.9,43.7,30,,,3.8,,1001.9,,1
2023-06-26,37.7,32.8,44.5,30,,,3.8,,1000.2,,2
2023-06-27,37.7,32.8,44.5,31,,,3.7,,1000.1,,1
2023-06-28,37.2,32.1,43.7,31,,,3.7,,1001.6,,1
2023-06-29,37.1,32.2,44.2,33,,,3.4,,1001.9,,1
2023-06-30,36.4,31.7,42.7,35,,,2.9,,1001.4,,1
2023-07-01,36.2,30.9,42.5,35,,,2.1,,1002.1,,1
2023-07-02,36.3,31.0,42.4,33,,,1.8,,1004.0,,2
2023-07-03,36.4,31.1,42.3,32,,,2.4,,1004.6,,1
2023-07-04,36.4,31.2,42.4,33,,,2.3,,1003.5,,1
2023-07-05,36.2,30.9,42.6,35,,,2.1,,1001.5,,1
2023-07-06,36.7,30.9,43.6,36,,,2.6,,1000.1,,1
2023-07-07,36.7,31.8,42.6,36,,,2.2,,1001.4,,1
2023-07-08,36.4,31.6,42.1,35,,,2.2,,1003.0,,1
2023-07-09,36.5,31.1,42.3,32,,,2.4,,1003.1,,1
2023-07-10,36.5,31.1,42.1,30,,,2.8,,1002.6,,1
2023-07-11,36.8,31.6,42.7,29,,,3.2,,1002.6,,1
2023-07-12,36.9,32.7,42.7,29,,,4.1,,1002.6,,2
2023-07-13,37.2,32.3,44.2,33,,,3.2,,1001.2,,2
2023-07-14,37.8,32.9,44.1,39,,,3.6,,1000.3,,2
2023-07-15,37.9,33.6,42.7,41,,,4.3,,1000.9,,2
2023-07-16,37.3,32.1,43.2,41,,,3.2,,1001.9,,1
2023-07-17,37.7,32.3,44.1,37,,,2.8,,1001.4,,1
2023-07-18,38.1,32.6,44.3,35,,,2.6,,1000.5,,2
2023-07-19,38.5,32.9,44.8,32,,,2.3,,1000.3,,1
2023-07-20,38.6,32.7,44.5,30,,,2.7,,1001.0,,1
2023-07-21,38.5,33.0,44.6,28,,,3.1,,1002.0,,1
2023-07-22,38.2,32.4,44.6,29,,,2.4,,1002.6,,0
2023-07-23,38.1,31.9,44.6,30,,,2.2,,1002.8,,0
2023-07-24,38.7,32.0,45.1,28,,,2.0,,1001.5,,1
2023-07-25,39.0,32.0,45.5,26,,,2.2,,1000.2,,1
2023-07-26,39.6,33.6,46.1,24,,,2.5,,1000.7,,1
2023-07-27,39.2,33.7,45.2,25,,,3.5,,1002.3,,1
2023-07-28,39.3,34.1,45.7,26,,,4.3,,1002.3,,1
2023-07-29,38.9,33.5,44.8,26,,,4.1,,1001.1,,1
2023-07-30,38.3,32.2,44.5,28,,,2.2,,1001.1,,0
2023-07-31,38.0,32.0,44.1,29,,,2.3,,1002.0,,0
2023-08-01,38.0,31.6,44.3,28,,,2.1,,1003.0,,0
2023-08-02,37.6,31.6,43.6,27,,,2.3,,1004.2,,0
2023-08-03,37.0,31.6,43.0,31,,,2.9,,1004.3,,0
2023-08-04,36.5,31.2,42.4,34,,,3.3,,1004.2,,0
2023-08-05,37.0,31.5,43.0,32,,,3.4,,1004.5,,1
2023-08-06,37.2,32.0,42.9,30,,,2.9,,1005.3,,0
2023-08-07,37.2,31.5,43.2,27,,,2.5,,1004.2,,0
2023-08-08,37.4,31.1,44.2,26,,,2.4,,1002.1,,0
2023-08-09,37.6,31.3,44.2,29,,,2.4,,1002.2,,0
2023-08-10,37.8,32.0,44.7,32,,,3.1,,1002.7,,1
2023-08-11,37.4,32.5,43.9,33,,,3.1,,1002.0,,2
2023-08-12,37.3,32.1,44.0,36,,,2.8,,1001.1,,2
2023-08-13,37.0,32.1,43.0,38,,,3.4,,1002.5,,2
2023-08-14,36.8,32.5,41.8,41,,,3.5,,1004.1,,2
2023-08-15,37.0,32.8,42.7,47,,,3.2,,1003.2,,2
2023-08-16,36.4,32.8,41.0,53,,,5.2,,1001.5,,2
2023-08-17,36.1,33.2,40.5,53,,,5.9,,1001.9,,3
2023-08-18,36.3,32.5,41.0,51,,,5.5,,1002.9,,3
2023-08-19,36.8,32.6,41.9,52,,,4.9,,1002.3,,2
2023-08-20,36.8,32.3,42.2,53,,,4.8,,1001.2,,2
2023-08-21,37.3,33.6,41.8,50,,,5.4,,1000.9,,3
2023-08-22,37.5,33.3,42.9,44,,,3.1,,1002.3,,3
2023-08-23,37.3,33.3,42.8,45,,,3.6,,1003.1,,2
2023-08-24,37.3,32.9,42.8,48,,,3.7,,1002.2,,1
2023-08-25,37.5,33.0,43.2,49,,,4.2,,1000.6,,1
2023-08-26,36.6,32.9,41.8,58,,,5.2,,1000.5,,2
2023-08-27,36.5,32.9,41.8,63,,,4.8,,1001.7,,2
2023-08-28,36.4,32.9,42.0,56,,,3.1,,1003.0,,3
2023-08-29,36.7,31.8,43.3,43,,,2.5,,1002.5,,2
2023-08-30,37.0,31.6,43.5,36,,,2.4,,1003.2,,1
2023-08-31,36.8,31.8,43.0,34,,,3.1,,1004.6,,1
2023-09-01,37.0,32.1,43.9,36,,,2.4,,1004.6,,2
2023-09-02,37.4,32.4,44.1,40,,,2.6,,1003.7,,2
2023-09-03,37.6,33.0,43.5,41,,,2.8,,1002.9,,2
2023-09-04,38.1,33.2,44.8,41,,,2.9,,1001.4,,2
2023-09-05,36.1,31.1,44.4,33,,,7.5,,1000.6,,2
2023-09-06,36.8,28.7,43.7,15,,,8.9,,1002.8,,1
2023-09-07,37.8,29.8,44.2,13,,,11.3,,1002.3,,1
2023-09-08,37.0,31.0,43.0,19,,,10.0,,1002.6,,2
2023-09-09,35.1,29.9,40.3,34,,,10.8,,1004.1,,2
2023-09-10,34.8,28.4,40.6,39,,,10.3,,1003.6,,2
2023-09-11,34.5,29.6,39.9,36,,,11.2,,1003.8,,3
2023-09-12,34.1,29.1,39.8,34,,,9.9,,1004.8,,3
2023-09-13,35.4,29.7,41.1,26,,,12.3,,1004.5,,3
2023-09-14,36.3,30.0,42.0,17,,,11.4,,1003.3,,2
2023-09-15,35.7,29.3,41.2,19,,,9.2,,1003.4,,2
2023-09-16,35.6,29.3,41.2,22,,,9.1,,1004.5,,2
2023-09-17,36.0,29.7,41.8,20,,,9.6,,1004.0,,3
2023-09-18,36.2,30.3,41.5,18,,,10.6,,1003.3,,3
2023-09-19,36.7,31.2,42.0,16,,,11.8,,1003.5,,3
2023-09-20,36.5,30.3,42.3,15,,,11.8,,1004.1,,2
2023-09-21,36.1,30.3,41.6,16,,,9.8,,1004.4,,2
2023-09-22,35.7,29.3,41.7,16,,,9.0,,1005.2,,2
2023-09-23,36.0,29.4,42.1,15,,,8.6,,1004.8,,2
2023-09-24,36.2,29.1,42.6,13,,,9.0,,1004.5,,1
2023-09-25,35.4,28.3,41.6,15,,,10.3,,1004.9,,1
2023-09-26,35.2,28.8,41.0,21,,,9.2,,1004.8,,2
2023-09-27,35.1,29.7,40.5,21,,,10.1,,1004.8,,2
2023-09-28,35.4,29.4,41.3,21,,,11.0,,1006.4,,2
2023-09-29,35.3,28.7,41.3,17,,,9.9,,1007.7,,1
2023-09-30,34.8,27.7,41.1,15,,,8.8,,1007.7,,1
2023-10-01,34.0,27.4,39.9,18,,,9.0,,1007.9,,1
2023-10-02,33.9,27.1,40.1,18,,,9.2,,1008.3,,1
2023-10-03,33.4,26.8,39.3,21,,,9.6,,1009.2,,0
2023-10-04,33.7,26.3,40.0,19,,,8.9,,1010.0,,0
2023-10-05,34.0,26.4,40.0,14,,,10.2,,1009.8,,0
2023-10-06,33.9,26.9,39.9,17,,,12.0,,1008.9,,0
2023-10-07,34.1,27.1,40.5,19,,,9.3,,1008.8,,0
2023-10-08,34.5,27.1,41.7,14,,,9.2,,1008.9,,0
2023-10-09,34.4,27.1,41.6,11,,,12.7,,1008.7,,0
2023-10-10,33.4,27.0,39.3,15,,,11.9,,1009.0,,0
2023-10-11,32.6,26.6,38.2,22,,,10.7,,1009.5,,0
2023-10-12,32.4,25.2,38.6,21,,,9.2,,1010.5,,0
2023-10-13,32.4,24.5,38.6,17,,,8.0,,1011.1,,0
2023-10-14,31.6,24.4,37.5,19,,,8.5,,1010.4,,0
2023-10-15,31.2,24.2,37.1,23,,,8.9,,1010.1,,0
2023-10-16,31.0,24.5,36.6,27,,,9.3,,1009.1,,0
2023-10-17,30.8,24.7,36.4,29,,,8.8,,1009.5,,0
2023-10-18,30.9,24.7,36.3,27,,,9.0,,1010.3,,0
2023-10-19,30.7,24.2,35.8,26,,,8.4,,1011.1,,0
2023-10-20,31.2,24.7,36.6,28,,,9.2,,1011.2,,0
2023-10-21,31.0,24.3,36.8,24,,,7.9,,1010.9,,0
2023-10-22,30.6,24.7,35.9,25,,,10.3,,1010.9,,0
2023-10-23,30.6,24.8,36.2,26,,,11.2,,1010.7,,0
2023-10-24,30.6,25.0,35.1,25,,,11.4,,1009.2,,1
2023-10-25,30.9,25.5,35.9,27,,,11.3,,1008.5,,1
2023-10-26,30.6,25.9,35.5,31,,,11.0,,1010.4,,1
2023-10-27,29.1,24.6,33.7,39,,,11.5,,1010.9,,2
2023-10-28,27.8,25.0,31.9,48,,,11.6,,1010.7,,4
2023-10-29,25.7,23.1,28.2,59,,,9.3,,1011.2,,5
2023-10-30,26.5,22.2,31.1,56,,,9.5,,1011.3,,2
2023-10-31,27.8,22.9,32.7,51,,,10.0,,1011.1,,1
2023-11-01,28.4,22.7,33.7,44,,,9.8,,1010.7,,2
2023-11-02,28.6,25.0,32.7,45,,,9.4,,1010.7,,2
2023-11-03,28.3,23.8,33.1,44,,,9.2,,1010.9,,2
2023-11-04,28.8,23.3,34.2,39,,,9.6,,1010.7,,1
2023-11-05,28.6,23.4,33.6,41,,,8.0,,1011.1,,1
2023-11-06,27.6,23.6,31.6,45,,,7.7,,1012.7,,2
2023-11-07,27.6,23.5,32.9,41,,,11.0,,1013.7,,2
2023-11-08,28.0,23.6,32.5,38,,,11.9,,1013.2,,2
2023-11-09,28.4,24.0,32.8,35,,,9.8,,1012.4,,2
2023-11-10,27.7,23.8,32.1,36,,,9.6,,1013.4,,3
2023-11-11,27.7,22.8,32.6,34,,,9.6,,1014.2,,2
2023-11-12,28.1,22.7,33.1,31,,,9.4,,1014.3,,1
2023-11-13,28.5,23.8,32.8,35,,,9.4,,1013.8,,2
2023-11-14,28.1,23.8,31.9,42,,,8.9,,1012.0,,2
2023-11-15,25.9,23.4,27.9,58,,,8.3,,1011.8,,4
2023-11-16,25.8,21.3,30.3,45,,,9.4,,1012.8,,2
2023-11-17,27.2,21.5,32.7,35,,,9.0,,1013.1,,1
2023-11-18,27.7,23.5,31.4,42,,,9.6,,1012.0,,2
2023-11-19,26.1,24.0,28.7,61,,,10.2,,1010.8,,4
2023-11-20,24.9,22.8,27.4,65,,,10.2,,1011.4,,5
2023-11-21,25.4,21.2,30.2,46,,,10.7,,1012.7,,2
2023-11-22,27.1,21.8,32.5,41,,,10.0,,1012.6,,1
2023-11-23,27.6,23.6,32.1,48,,,9.4,,1012.6,,1
2023-11-24,27.5,22.7,32.2,54,,,8.3,,1011.1,,1
2023-11-25,27.8,22.8,33.2,46,,,7.5,,1011.2,,1
2023-11-26,28.2,22.3,33.8,40,,,7.9,,1012.6,,1
2023-11-27,27.6,22.7,32.4,43,,,8.2,,1013.5,,2
2023-11-28,27.3,21.4,33.3,36,,,9.0,,1012.9,,1
2023-11-29,27.2,21.0,33.1,35,,,8.6,,1012.6,,0
2023-11-30,27.1,21.7,32.2,45,,,7.3,,1014.6,,0
2023-12-01,27.3,21.7,32.8,44,,,7.5,,1015.0,,0
2023-12-02,26.6,21.1,31.6,40,,,8.4,,1013.8,,1
2023-12-03,25.7,22.0,29.7,38,,,9.3,,1013.6,,3
2023-12-04,25.9,20.3,31.3,31,,,10.4,,1014.6,,1
2023-12-05,25.9,20.8,31.0,36,,,9.5,,1014.2,,0
2023-12-06,25.6,20.9,30.0,42,,,8.7,,1013.7,,1
2023-12-07,26.0,20.4,31.6,39,,,8.5,,1014.4,,1
2023-12-08,25.8,20.4,30.8,38,,,8.8,,1013.1,,1
2023-12-09,25.7,21.0,30.3,43,,,8.6,,1012.6,,1
2023-12-10,25.6,20.5,30.8,39,,,8.3,,1014.0,,1
2023-12-11,25.2,20.2,29.8,39,,,9.0,,1013.7,,1
2023-12-12,24.7,20.3,29.1,48,,,11.3,,1012.2,,2
2023-12-13,22.4,19.7,25.4,42,,,11.7,,1014.5,,2
2023-12-14,21.9,15.7,28.4,22,,,10.5,,1016.9,,0
2023-12-15,23.6,16.8,30.0,17,,,10.8,,1016.9,,0
2023-12-16,23.9,17.1,29.7,18,,,11.0,,1017.2,,0
2023-12-17,24.0,17.0,30.4,14,,,9.2,,1016.8,,0
2023-12-18,23.8,17.3,29.7,21,,,7.9,,1015.1,,0
2023-12-19,24.0,18.5,29.0,27,,,8.1,,1014.2,,1
2023-12-20,24.4,18.9,29.5,31,,,7.9,,1014.3,,1
2023-12-21,24.7,19.8,30.0,38,,,8.7,,1013.8,,1
2023-12-22,25.4,21.0,30.3,48,,,11.3,,1012.5,,1
2023-12-23,23.7,21.1,26.1,49,,,11.5,,1013.7,,3
2023-12-24,22.5,18.2,26.8,39,,,10.6,,1015.7,,1
2023-12-25,22.8,18.6,27.1,43,,,9.3,,1016.0,,2
2023-12-26,23.9,19.4,28.6,41,,,8.9,,1014.9,,2
2023-12-27,23.7,20.9,27.2,51,,,9.5,,1015.3,,3
2023-12-28,21.7,19.1,24.9,60,,,9.4,,1015.7,,3
2023-12-29,22.2,19.2,25.7,57,,,10.0,,1015.4,,3
2023-12-30,22.1,18.7,25.9,47,,,10.2,,1015.7,,2
2023-12-31,22.2,17.7,27.1,38,,,9.1,,1016.6,,1
2024-01-01,22.6,16.8,28.3,34,,,8.3,,1016.6,,0
2024-01-02,22.5,17.8,27.1,44,,,9.2,,1016.5,,1
2024-01-03,22.5,18.0,27.1,48,,,8.8,,1016.1,,1
2024-01-04,22.7,17.9,27.1,45,,,8.9,,1015.5,,1
2024-01-05,22.3,19.3,25.2,50,,,8.6,,1015.7,,2
2024-01-06,23.0,18.0,28.0,47,,,8.7,,1016.9,,1
2024-01-07,24.4,19.8,29.3,40,,,9.4,,1016.3,,1
2024-01-08,24.8,19.1,30.2,30,,,9.0,,1016.2,,0
2024-01-09,24.2,18.5,29.5,28,,,8.3,,1015.5,,0
2024-01-10,23.7,18.3,28.6,37,,,7.8,,1014.9,,1
2024-01-11,23.7,19.0,28.1,47,,,10.3,,1014.3,,1
2024-01-12,23.2,19.1,27.4,46,,,9.3,,1014.3,,1
2024-01-13,22.7,17.6,27.7,41,,,10.0,,1013.7,,1
2024-01-14,23.2,18.3,27.6,50,,,9.0,,1014.0,,1
2024-01-15,23.3,19.2,27.9,48,,,10.0,,1016.2,,2
2024-01-16,23.1,18.1,27.9,35,,,9.7,,1017.2,,2
2024-01-17,22.5,18.1,26.5,37,,,11.0,,1015.4,,1
2024-01-18,22.1,18.0,26.2,39,,,9.3,,1016.1,,1
2024-01-19,23.4,18.1,28.8,30,,,10.2,,1015.4,,0
2024-01-20,23.7,19.0,27.9,36,,,8.2,,1016.1,,1
2024-01-21,24.7,19.9,29.5,40,,,8.8,,1016.9,,1
2024-01-22,25.3,20.1,30.3,43,,,8.7,,1016.1,,0
2024-01-23,25.8,20.9,30.6,47,,,9.3,,1016.3,,0
2024-01-24,25.0,20.3,29.6,47,,,9.9,,1015.9,,1
2024-01-25,23.6,19.5,27.6,44,,,11.6,,1015.0,,2
2024-01-26,20.7,18.7,23.4,51,,,16.4,,1015.4,,5
2024-01-27,19.0,15.7,22.1,38,,,9.5,,1018.1,,3
2024-01-28,20.3,15.2,25.2,34,,,9.9,,1017.6,,2
2024-01-29,20.9,18.1,24.2,42,,,9.9,,1016.1,,3
2024-01-30,20.3,17.3,23.5,40,,,10.6,,1017.5,,3
2024-01-31,19.7,15.4,23.7,35,,,10.4,,1018.0,,2
2024-02-01,18.5,15.8,21.7,37,,,12.2,,1018.3,,2
2024-02-02,17.1,13.2,20.8,30,,,10.3,,1019.7,,1
2024-02-03,18.7,13.7,23.5,23,,,9.4,,1018.5,,1
2024-02-04,19.6,14.8,23.8,31,,,8.6,,1018.6,,2
2024-02-05,19.8,16.8,22.6,35,,,10.3,,1019.2,,4
2024-02-06,20.1,16.1,23.9,29,,,9.4,,1019.9,,4
2024-02-07,22.2,17.0,26.7,26,,,10.4,,1017.6,,2
2024-02-08,22.7,19.5,25.6,42,,,10.3,,1016.4,,3
2024-02-09,23.0,19.4,26.4,51,,,10.5,,1015.0,,3
2024-02-10,22.0,19.9,24.7,61,,,8.9,,1014.3,,4
2024-02-11,21.7,17.5,26.3,32,,,8.1,,1016.8,,1
2024-02-12,22.7,15.8,28.8,21,,,9.8,,1016.5,,1
2024-02-13,24.0,20.4,27.4,42,,,11.5,,1012.4,,2
2024-02-14,25.0,20.3,29.5,55,,,10.9,,1010.8,,2
2024-02-15,25.0,21.5,28.8,58,,,13.9,,1010.4,,3
2024-02-16,23.2,21.4,25.0,50,,,14.8,,1014.0,,3
2024-02-17,21.3,16.9,25.5,28,,,10.7,,1018.0,,1
2024-02-18,22.6,16.7,28.3,23,,,10.1,,1016.4,,1
2024-02-19,22.7,17.3,27.8,26,,,10.0,,1014.5,,1
2024-02-20,22.7,16.6,28.1,26,,,8.6,,1015.1,,1
2024-02-21,24.5,18.2,30.2,26,,,8.6,,1014.3,,1
2024-02-22,26.2,20.1,31.6,36,,,8.9,,1013.6,,1
2024-02-23,28.0,21.8,33.6,36,,,8.2,,1012.6,,1
2024-02-24,27.3,22.5,31.5,38,,,9.7,,1013.5,,0
2024-02-25,25.9,21.7,29.9,33,,,10.7,,1012.8,,0
2024-02-26,24.6,18.9,29.6,29,,,9.9,,1011.5,,0
2024-02-27,24.5,18.9,29.6,29,,,9.6,,1010.7,,0
2024-02-28,23.9,17.7,28.8,19,,,8.1,,1012.6,,0
2024-02-29,24.4,17.6,30.4,18,,,10.3,,1012.9,,0
2024-03-01,26.2,19.9,31.8,23,,,12.8,,1012.0,,0
2024-03-02,26.7,21.9,31.3,38,,,11.7,,1011.7,,1
2024-03-03,26.2,22.1,30.5,51,,,10.6,,1011.0,,2
2024-03-04,25.6,20.0,30.6,30,,,9.1,,1011.3,,1
2024-03-05,25.6,20.1,30.1,32,,,8.9,,1011.5,,2
2024-03-06,26.0,21.5,30.2,42,,,10.8,,1011.6,,2
2024-03-07,25.3,20.1,30.0,27,,,10.3,,1012.6,,1
2024-03-08,24.5,19.1,29.2,18,,,9.2,,1013.2,,0
2024-03-09,25.0,16.7,31.8,12,,,7.7,,1014.2,,0
2024-03-10,27.0,18.6,33.5,14,,,7.8,,1012.4,,0
2024-03-11,27.6,21.4,32.1,30,,,8.5,,1013.5,,1
2024-03-12,28.3,21.8,34.0,31,,,11.3,,1014.3,,1
2024-03-13,29.6,23.0,35.6,27,,,10.1,,1012.4,,1
2024-03-14,30.0,24.1,35.3,35,,,11.6,,1010.8,,2
2024-03-15,29.2,24.4,33.2,32,,,11.3,,1010.9,,2
2024-03-16,28.7,24.1,33.0,32,,,9.6,,1011.8,,4
2024-03-17,28.6,25.5,32.9,34,,,13.9,,1011.3,,5
2024-03-18,27.9,24.6,31.2,35,,,14.6,,1009.2,,6
2024-03-19,25.3,22.4,27.8,34,,,15.1,,1010.8,,5
2024-03-20,24.3,18.5,30.5,29,,,11.7,,1013.6,,2
2024-03-21,26.6,21.1,31.0,31,,,13.1,,1010.7,,2
2024-03-22,26.5,23.5,29.3,38,,,13.2,,1008.2,,3
2024-03-23,25.7,21.1,30.1,28,,,12.4,,1007.4,,2
2024-03-24,25.0,22.1,28.0,37,,,16.4,,1006.5,,3
2024-03-25,22.1,17.0,26.6,18,,,9.0,,1012.7,,1
2024-03-26,22.5,16.1,27.7,16,,,8.6,,1015.8,,0
2024-03-27,25.0,17.6,30.8,20,,,10.5,,1015.0,,0
2024-03-28,26.8,21.8,32.1,31,,,12.9,,1013.2,,1
2024-03-29,26.4,21.8,31.4,50,,,16.4,,1010.4,,3
2024-03-30,25.3,20.2,30.1,54,,,11.4,,1009.6,,4
2024-03-31,25.6,19.6,30.6,50,,,11.7,,1011.1,,2
2024-04-01,25.6,20.3,30.0,53,,,11.7,,1010.5,,2
2024-04-02,25.1,20.3,30.5,55,,,16.0,,1009.3,,3
2024-04-03,25.8,21.1,30.2,50,,,10.9,,1009.4,,2
2024-04-04,27.1,21.1,32.3,39,,,11.3,,1011.4,,2
2024-04-05,28.4,22.8,33.1,36,,,11.8,,1011.3,,2
2024-04-06,28.8,23.5,33.4,41,,,10.6,,1009.4,,3
2024-04-07,28.6,24.9,31.8,41,,,11.8,,1007.2,,4
2024-04-08,27.7,24.1,31.0,31,,,10.8,,1007.4,,5
2024-04-09,28.4,24.8,32.3,20,,,10.6,,1008.0,,5
2024-04-10,28.5,23.4,33.1,18,,,10.9,,1009.0,,2
2024-04-11,27.8,21.7,32.7,15,,,11.0,,1010.1,,2
2024-04-12,28.4,22.9,33.0,20,,,11.3,,1008.4,,2
2024-04-13,28.5,24.5,32.5,24,,,11.0,,1007.4,,2
2024-04-14,27.9,22.4,32.4,23,,,11.3,,1007.8,,2
2024-04-15,26.8,21.4,30.9,17,,,11.5,,1008.2,,2
2024-04-16,26.0,18.6,31.6,17,,,8.4,,1009.8,,0
2024-04-17,28.2,21.3,33.9,17,,,10.7,,1008.9,,0
2024-04-18,30.0,23.6,35.0,20,,,11.0,,1007.9,,1
2024-04-19,30.6,24.1,35.1,26,,,10.1,,1007.1,,1
2024-04-20,30.5,23.8,35.3,18,,,9.4,,1006.7,,0
2024-04-21,29.1,22.6,34.0,16,,,9.3,,1007.9,,0
2024-04-22,29.2,21.4,34.6,14,,,7.9,,1009.7,,0
2024-04-23,30.9,23.2,36.5,16,,,14.2,,1009.1,,1
2024-04-24,31.6,24.9,36.5,17,,,10.9,,1006.7,,1
2024-04-25,31.7,25.3,36.6,25,,,11.8,,1004.7,,1
2024-04-26,31.0,26.8,35.5,31,,,14.4,,1004.2,,2
2024-04-27,30.0,25.5,35.4,36,,,14.1,,1004.6,,3
2024-04-28,29.9,24.6,34.9,36,,,11.1,,1006.1,,2
2024-04-29,27.6,23.6,31.6,47,,,15.5,,1007.2,,4
2024-04-30,27.4,21.1,32.7,46,,,13.1,,1006.2,,3
2024-05-01,28.0,22.5,32.9,38,,,8.9,,1005.2,,1
2024-05-02,27.5,20.0,33.2,20,,,7.3,,1006.3,,0
2024-05-03,27.7,20.1,33.1,16,,,8.4,,1007.2,,0
2024-05-04,28.8,21.6,34.5,17,,,8.7,,1007.9,,0
2024-05-05,29.5,22.7,34.6,18,,,9.2,,1007.8,,0
2024-05-06,29.5,22.4,34.7,15,,,8.4,,1008.3,,0
2024-05-07,29.3,21.9,34.7,13,,,10.0,,1009.6,,0
2024-05-08,29.9,22.9,35.9,13,,,10.3,,1008.8,,0
2024-05-09,31.5,23.5,37.4,17,,,9.2,,1007.1,,0
2024-05-10,32.6,25.4,37.4,25,,,9.5,,1006.4,,1
2024-05-11,33.4,27.3,38.1,34,,,11.4,,1007.3,,1
2024-05-12,34.2,28.1,39.1,29,,,10.9,,1006.8,,1
2024-05-13,33.6,27.9,37.6,26,,,11.5,,1005.9,,1
2024-05-14,32.6,26.0,37.7,20,,,11.9,,1005.5,,0
2024-05-15,31.8,26.8,35.9,18,,,12.7,,1006.4,,1
2024-05-16,31.0,24.6,36.5,17,,,11.2,,1008.4,,1
2024-05-17,32.6,24.2,38.9,14,,,9.4,,1007.7,,1
2024-05-18,34.2,27.0,40.1,15,,,11.4,,1006.4,,2
2024-05-19,34.6,28.6,39.4,18,,,11.1,,1005.2,,1
2024-05-20,33.8,28.3,38.0,26,,,11.6,,1005.8,,1
2024-05-21,33.5,26.4,38.8,21,,,9.3,,1007.0,,1
2024-05-22,33.3,25.3,38.6,13,,,9.0,,1006.5,,0
2024-05-23,33.6,25.4,39.1,13,,,8.7,,1005.7,,0
2024-05-24,34.6,27.0,40.5,16,,,9.9,,1004.7,,1
2024-05-25,34.6,27.9,39.6,15,,,10.9,,1004.6,,0
2024-05-26,33.9,26.4,39.2,12,,,10.7,,1006.0,,0
2024-05-27,34.2,26.7,39.6,11,,,9.9,,1006.1,,0
2024-05-28,35.3,27.3,41.1,10,,,9.0,,1005.6,,1
2024-05-29,36.5,29.0,42.4,10,,,11.0,,1004.6,,1
2024-05-30,36.6,30.4,41.5,10,,,13.4,,1004.9,,1
2024-05-31,36.3,28.9,42.5,10,,,12.7,,1005.7,,1
2024-06-01,36.8,29.1,43.4,12,,,10.2,,1004.6,,0
2024-06-02,37.3,29.3,43.7,14,,,8.9,,1003.2,,0
2024-06-03,36.8,29.4,43.2,17,,,8.9,,1003.9,,0
2024-06-04,37.2,29.2,43.5,19,,,8.2,,1004.0,,0
2024-06-05,38.0,29.7,44.5,13,,,9.2,,1002.7,,0
2024-06-06,38.2,30.2,44.2,11,,,9.5,,1002.7,,0
2024-06-07,37.5,30.4,43.3,14,,,10.2,,1003.3,,1
2024-06-08,37.3,30.5,43.5,15,,,10.0,,1002.0,,1
2024-06-09,37.1,30.7,42.3,16,,,9.6,,1001.6,,2
2024-06-10,37.3,30.9,42.9,14,,,11.4,,1002.6,,2
2024-06-11,37.2,31.3,42.8,13,,,11.1,,1003.4,,2
2024-06-12,37.6,31.0,44.1,11,,,10.3,,1002.8,,2
2024-06-13,36.2,31.1,42.4,17,,,9.7,,1003.6,,3
2024-06-14,34.8,30.0,41.4,29,,,10.6,,1003.8,,2
2024-06-15,35.9,28.2,42.6,21,,,9.1,,1002.1,,1
2024-06-16,37.1,29.4,43.1,15,,,9.0,,1001.5,,2
2024-06-17,38.3,31.0,44.4,14,,,9.4,,1001.6,,2
2024-06-18,38.2,31.1,44.5,17,,,9.3,,1001.4,,1
2024-06-19,37.0,30.2,43.0,23,,,8.7,,1001.8,,1
2024-06-20,38.1,30.1,44.6,20,,,8.6,,1001.7,,1
2024-06-21,38.0,31.3,44.0,21,,,10.3,,1000.9,,2
2024-06-22,38.1,32.8,43.7,20,,,11.5,,999.4,,3
2024-06-23,38.0,32.4,43.3,15,,,12.0,,999.6,,2
2024-06-24,37.5,31.7,43.1,12,,,12.6,,1000.6,,1
2024-06-25,37.4,31.2,43.3,12,,,12.4,,1000.5,,1
2024-06-26,36.8,30.7,42.2,12,,,11.3,,999.8,,1
2024-06-27,36.9,30.2,42.0,12,,,10.6,,1000.2,,0
2024-06-28,36.4,29.6,41.3,12,,,10.6,,1000.6,,0
2024-06-29,36.3,29.6,41.1,12,,,10.8,,1000.0,,1
2024-06-30,35.8,29.6,40.4,17,,,10.7,,1001.0,,1
2024-07-01,35.6,28.7,39.9,18,,,10.6,,1002.4,,0
2024-07-02,35.1,28.6,39.1,15,,,10.9,,1002.2,,1
2024-07-03,34.4,27.4,38.4,16,,,10.3,,1002.2,,1
2024-07-04,34.3,28.1,38.6,17,,,10.7,,1003.9,,1
2024-07-05,35.1,27.4,40.4,13,,,9.3,,1003.1,,0
2024-07-06,35.7,28.3,41.3,12,,,9.3,,1001.0,,1
2024-07-07,35.2,29.4,40.2,16,,,10.3,,1000.6,,1
2024-07-08,35.0,30.2,39.3,25,,,10.8,,1001.5,,2
2024-07-09,36.4,30.7,40.7,19,,,9.3,,1001.9,,2
2024-07-10,37.3,31.3,41.8,13,,,10.6,,1002.3,,2
2024-07-11,38.6,32.6,43.9,11,,,12.6,,1002.3,,3
2024-07-12,38.7,32.6,44.4,14,,,12.7,,1001.1,,3
2024-07-13,37.9,33.1,43.4,19,,,12.4,,1000.2,,2
2024-07-14,37.7,33.4,42.6,20,,,13.8,,1000.5,,2
2024-07-15,36.8,32.3,40.7,16,,,13.9,,1001.2,,1
2024-07-16,35.8,30.9,40.0,16,,,11.1,,1001.8,,1
2024-07-17,35.7,29.9,40.5,16,,,9.9,,1002.2,,1
2024-07-18,36.5,30.7,41.9,15,,,11.0,,1002.0,,1
2024-07-19,36.6,31.5,41.0,16,,,11.8,,1000.8,,2
2024-07-20,36.5,31.7,40.9,17,,,10.8,,1000.7,,2
2024-07-21,36.8,31.9,41.0,14,,,11.9,,1001.9,,2
2024-07-22,36.8,31.3,41.0,15,,,12.8,,1002.3,,2
2024-07-23,36.5,32.1,40.0,16,,,13.4,,1003.7,,2
2024-07-24,35.5,32.5,38.7,21,,,13.6,,1003.5,,2
2024-07-25,34.1,31.7,38.0,30,,,13.3,,1002.0,,2
2024-07-26,33.9,29.5,38.1,36,,,12.4,,1001.9,,2
2024-07-27,33.4,27.4,38.5,37,,,12.0,,1003.0,,1
2024-07-28,33.8,29.7,37.9,39,,,13.3,,1004.7,,2
2024-07-29,34.6,31.0,38.2,31,,,13.4,,1003.1,,2
2024-07-30,34.3,31.0,37.9,31,,,13.3,,1002.3,,2
2024-07-31,33.3,29.2,37.8,38,,,12.5,,1003.3,,2
2024-08-01,32.7,30.3,36.4,54,,,16.3,,1005.8,,4
2024-08-02,32.5,28.8,36.9,58,,,14.8,,1005.8,,5
2024-08-03,31.9,29.8,37.0,56,,,14.0,,1005.1,,5
2024-08-04,31.8,28.9,37.5,56,,,13.4,,1005.0,,5
2024-08-05,32.1,29.3,37.4,55,,,14.1,,1004.4,,4
2024-08-06,31.7,27.9,38.1,61,,,14.1,,1004.5,,4
2024-08-07,31.0,28.8,36.4,65,,,14.8,,1004.8,,6
2024-08-08,30.8,28.3,37.0,71,,,15.1,,1005.6,,6
2024-08-09,32.4,29.1,38.0,61,,,13.7,,1005.4,,5
2024-08-10,35.0,29.9,41.9,44,,,13.2,,1003.5,,3
2024-08-11,34.9,31.3,41.9,49,,,12.7,,1001.5,,3
2024-08-12,34.4,31.2,39.9,55,,,14.2,,1000.8,,3
2024-08-13,34.6,31.4,40.6,47,,,12.4,,1001.7,,3
2024-08-14,35.3,31.4,41.6,47,,,12.7,,1001.5,,3
2024-08-15,34.4,31.0,40.6,55,,,13.3,,1002.7,,3
2024-08-16,33.7,30.8,39.3,47,,,13.7,,1003.0,,3
2024-08-17,33.8,30.7,39.2,44,,,14.1,,1002.2,,3
2024-08-18,34.4,30.6,40.0,32,,,10.6,,1002.3,,2
2024-08-19,35.3,31.0,40.6,26,,,12.5,,1003.6,,2
2024-08-20,36.2,31.0,42.6,27,,,12.0,,1001.7,,3
2024-08-21,36.9,32.3,43.1,34,,,11.8,,999.5,,3
2024-08-22,34.0,30.8,39.5,60,,,15.0,,1001.5,,5
2024-08-23,32.8,29.8,39.1,64,,,14.5,,1004.4,,4
2024-08-24,32.0,29.5,37.7,69,,,16.1,,1005.2,,5
2024-08-25,31.0,28.5,37.3,72,,,15.6,,1006.1,,6
2024-08-26,31.8,28.4,37.7,64,,,15.3,,1006.2,,4
2024-08-27,32.7,27.9,39.7,55,,,13.3,,1004.3,,4
2024-08-28,33.0,28.8,41.4,54,,,13.6,,1004.1,,4
2024-08-29,34.4,29.1,41.6,46,,,13.0,,1004.4,,4
2024-08-30,35.1,29.2,41.8,39,,,11.9,,1004.5,,3
2024-08-31,35.4,29.4,41.2,29,,,11.9,,1003.6,,3
2024-09-01,35.5,30.1,40.4,30,,,11.0,,1003.5,,3
2024-09-02,35.7,30.6,40.7,27,,,9.9,,1004.6,,2
2024-09-03,35.7,30.2,40.7,27,,,10.3,,1004.3,,2
2024-09-04,35.5,29.8,41.3,27,,,11.3,,1004.6,,3
2024-09-05,35.0,29.4,40.4,27,,,11.4,,1003.7,,3
2024-09-06,33.9,30.3,39.1,28,,,11.0,,1005.0,,3
2024-09-07,34.2,29.2,39.4,22,,,11.2,,1006.2,,2
2024-09-08,35.1,29.5,40.3,18,,,11.0,,1005.7,,2
2024-09-09,35.3,30.2,40.9,17,,,10.7,,1005.1,,2
2024-09-10,36.0,29.9,41.9,18,,,10.4,,1004.0,,2
2024-09-11,36.6,30.1,42.2,17,,,10.1,,1003.8,,2
2024-09-12,37.0,30.7,42.9,17,,,9.6,,1003.3,,2
2024-09-13,36.8,31.0,42.7,20,,,10.5,,1002.8,,2
2024-09-14,35.1,31.0,40.0,31,,,12.3,,1003.9,,3
2024-09-15,34.8,30.2,40.1,31,,,10.2,,1003.7,,3
2024-09-16,35.4,29.6,41.3,22,,,11.3,,1003.7,,2
2024-09-17,35.1,29.6,41.1,20,,,12.4,,1005.4,,2
2024-09-18,34.2,29.1,39.7,26,,,11.0,,1005.8,,2
2024-09-19,33.9,29.4,39.6,32,,,9.6,,1005.4,,2
2024-09-20,34.3,28.5,40.2,26,,,9.3,,1006.0,,2
2024-09-21,34.2,28.8,39.6,27,,,10.3,,1006.5,,2
2024-09-22,33.5,28.4,38.6,32,,,11.3,,1007.1,,2
2024-09-23,33.7,27.1,39.8,28,,,9.9,,1006.0,,1
2024-09-24,33.8,27.5,39.5,22,,,9.0,,1005.9,,0
2024-09-25,34.5,27.1,40.8,18,,,8.6,,1005.6,,0
2024-09-26,35.5,27.6,42.6,13,,,11.0,,1004.6,,0
2024-09-27,35.7,28.4,42.2,14,,,9.9,,1004.1,,0
2024-09-28,35.6,28.1,42.1,15,,,8.7,,1003.5,,0
2024-09-29,35.5,28.2,41.8,15,,,9.4,,1002.9,,0
2024-09-30,34.3,28.2,39.4,18,,,10.0,,1004.6,,1
2024-10-01,33.8,27.9,38.7,22,,,10.0,,1006.2,,1
2024-10-02,33.5,27.9,38.4,18,,,10.3,,1006.9,,1
2024-10-03,33.5,27.3,38.9,18,,,9.3,,1008.1,,1
2024-10-04,33.5,26.8,39.8,17,,,9.3,,1008.1,,0
2024-10-05,33.2,26.4,39.8,17,,,9.5,,1007.2,,0
2024-10-06,33.0,26.6,38.4,18,,,10.6,,1007.2,,1
2024-10-07,32.8,26.7,38.4,19,,,8.5,,1008.5,,0
2024-10-08,32.4,25.7,38.5,19,,,9.1,,1009.7,,0
2024-10-09,32.6,26.0,38.4,23,,,8.7,,1009.4,,1
2024-10-10,32.4,26.5,37.8,25,,,8.8,,1008.1,,2
2024-10-11,32.4,27.0,37.3,27,,,9.2,,1007.8,,3
2024-10-12,31.9,27.7,35.9,29,,,9.3,,1008.7,,3
2024-10-13,32.0,26.4,37.2,25,,,9.9,,1010.0,,2
2024-10-14,32.6,25.8,38.2,20,,,10.4,,1009.1,,2
2024-10-15,33.0,26.2,38.7,16,,,10.3,,1008.3,,1
2024-10-16,33.1,26.7,39.0,14,,,10.0,,1008.5,,1
2024-10-17,33.0,26.3,38.9,14,,,10.1,,1008.7,,1
2024-10-18,32.5,26.4,38.1,15,,,10.0,,1007.9,,0
2024-10-19,31.4,25.1,37.1,18,,,8.3,,1008.5,,0
2024-10-20,31.9,24.8,38.1,19,,,8.5,,1009.7,,0
2024-10-21,32.0,25.9,37.9,22,,,9.8,,1009.5,,1
2024-10-22,31.3,26.3,36.2,32,,,9.6,,1008.9,,1
2024-10-23,30.4,26.5,34.3,34,,,10.4,,1009.5,,1
2024-10-24,30.9,26.4,35.7,35,,,10.1,,1008.9,,1
2024-10-25,30.9,26.9,35.7,40,,,11.5,,1008.6,,2
2024-10-26,29.0,26.5,32.5,54,,,9.4,,1010.4,,3
2024-10-27,29.0,25.1,33.8,52,,,10.8,,1011.4,,2
2024-10-28,29.1,25.9,33.8,50,,,10.7,,1010.5,,2
2024-10-29,28.0,24.8,32.1,54,,,8.5,,1010.2,,2
2024-10-30,28.4,23.4,35.0,57,,,6.1,,1009.5,,2
2024-10-31,30.3,27.5,34.8,59,,,2.7,,1008.1,,2
2024-11-01,30.8,27.2,35.7,55,,,2.6,,1008.7,,2
2024-11-02,30.6,27.4,35.2,56,,,2.6,,1010.1,,1
2024-11-03,31.0,27.4,36.7,60,,,2.1,,1011.0,,1
2024-11-04,30.2,27.0,36.4,58,,,2.3,,1010.6,,1
2024-11-05,30.1,25.7,36.7,55,,,2.6,,1009.7,,0
2024-11-06,30.8,26.4,37.4,55,,,2.1,,1010.5,,1
2024-11-07,31.2,27.1,37.4,57,,,2.1,,1011.6,,1
2024-11-08,31.5,27.0,38.1,56,,,1.8,,1011.0,,1
2024-11-09,31.5,27.3,38.0,57,,,2.0,,1009.9,,1
2024-11-10,31.6,27.3,38.0,57,,,1.8,,1010.6,,1
2024-11-11,31.2,27.1,37.5,57,,,1.4,,1011.4,,1
2024-11-12,30.7,26.1,37.4,59,,,1.6,,1010.9,,0
2024-11-13,30.8,26.1,37.6,57,,,1.5,,1010.7,,0
2024-11-14,30.5,25.6,37.2,58,,,1.8,,1009.3,,0
2024-11-15,30.1,25.6,36.0,60,,,2.8,,1009.5,,1
2024-11-16,30.2,26.0,35.8,61,,,2.7,,1010.2,,1
2024-11-17,30.1,26.0,35.9,60,,,2.1,,1010.2,,1
2024-11-18,29.9,25.7,35.8,59,,,1.9,,1010.6,,0
2024-11-19,29.3,24.9,35.8,54,,,1.5,,1011.3,,0
2024-11-20,28.6,24.3,35.1,53,,,1.7,,1011.3,,0
2024-11-21,28.8,24.1,35.3,53,,,1.4,,1010.8,,0
2024-11-22,29.3,25.1,35.4,56,,,1.8,,1010.8,,1
2024-11-23,29.6,26.0,35.3,60,,,2.2,,1011.1,,2
2024-11-24,28.6,25.9,33.1,64,,,2.7,,1010.6,,3
2024-11-25,27.2,25.0,30.6,68,,,2.3,,1009.9,,4
2024-11-26,27.0,24.4,30.9,67,,,1.9,,1010.9,,3
2024-11-27,26.9,23.6,32.1,59,,,2.6,,1012.3,,2
2024-11-28,27.3,23.1,33.7,53,,,2.2,,1012.8,,1
2024-11-29,27.2,23.6,32.8,57,,,1.7,,1013.4,,1
2024-11-30,27.0,23.2,32.5,59,,,1.8,,1013.8,,1
2024-12-01,26.8,22.9,32.4,57,,,1.6,,1012.4,,1
2024-12-02,27.0,23.3,32.4,58,,,1.8,,1010.8,,2
2024-12-03,27.1,23.3,32.1,62,,,1.8,,1011.3,,2
2024-12-04,27.4,23.8,32.8,59,,,1.8,,1012.7,,3
2024-12-05,27.5,23.5,33.6,55,,,1.8,,1012.6,,1
2024-12-06,28.3,23.6,34.8,58,,,1.4,,1013.2,,0
2024-12-07,28.7,23.7,35.4,62,,,1.8,,1014.3,,0
2024-12-08,28.6,23.4,35.4,65,,,2.1,,1015.0,,0
2024-12-09,28.4,23.2,35.8,62,,,1.6,,1014.0,,1
2024-12-10,28.5,23.3,35.5,56,,,2.1,,1013.0,,0
2024-12-11,28.6,23.7,35.5,52,,,1.9,,1013.0,,0
2024-12-12,28.2,22.9,35.2,58,,,2.1,,1012.8,,0
2024-12-13,27.7,22.4,34.4,60,,,1.8,,1012.5,,0
2024-12-14,26.8,23.4,31.9,53,,,2.4,,1012.7,,2
2024-12-15,27.6,23.2,33.5,42,,,2.5,,1013.5,,2
2024-12-16,28.1,23.3,33.8,46,,,2.3,,1014.4,,1
2024-12-17,28.1,23.3,34.5,50,,,1.4,,1014.4,,1
2024-12-18,27.8,23.2,34.5,53,,,2.0,,1013.0,,2
2024-12-19,27.3,23.3,32.3,65,,,3.5,,1012.0,,2
2024-12-20,26.0,23.0,30.2,70,,,3.8,,1013.3,,4
2024-12-21,25.0,21.0,31.1,50,,,3.2,,1014.3,,2
2024-12-22,25.8,21.3,32.3,48,,,1.9,,1012.7,,1
2024-12-23,25.3,22.1,29.2,61,,,2.7,,1011.8,,4
2024-12-24,25.7,22.6,30.6,56,,,2.4,,1012.4,,3
2024-12-25,25.7,21.8,30.7,54,,,2.0,,1012.8,,3
2024-12-26,26.2,22.1,30.9,60,,,2.1,,1013.7,,3
2024-12-27,25.9,23.2,29.1,67,,,3.2,,1014.0,,4
2024-12-28,25.5,23.3,29.5,62,,,2.2,,1015.4,,4
2024-12-29,25.5,22.4,31.2,55,,,2.7,,1016.0,,3
2024-12-30,24.1,21.5,28.8,55,,,3.3,,1016.1,,3
2024-12-31,22.8,19.6,28.3,51,,,3.9,,1016.6,,2
2025-01-01,24.4,18.8,30.7,41,,,3.9,,1015.6,,2
2025-01-02,25.7,20.7,32.3,36,,,2.2,,1015.0,,1
2025-01-03,26.7,21.3,33.4,38,,,1.9,,1015.0,,0
2025-01-04,27.0,21.8,33.8,49,,,2.4,,1013.8,,1
2025-01-05,27.0,22.8,32.9,61,,,5.6,,1011.6,,2
2025-01-06,24.4,22.2,26.7,73,,,4.9,,1011.0,,5
2025-01-07,24.3,20.2,30.4,56,,,2.3,,1014.2,,2
2025-01-08,25.2,20.6,31.1,44,,,2.1,,1013.5,,2
2025-01-09,25.8,20.8,31.7,46,,,2.4,,1011.8,,2
2025-01-10,25.1,21.4,29.1,65,,,2.9,,1012.3,,4
2025-01-11,24.9,22.3,29.2,61,,,2.4,,1013.7,,4
2025-01-12,24.4,20.3,30.2,48,,,3.0,,1014.4,,2
2025-01-13,26.5,21.5,33.4,47,,,2.4,,1012.9,,1
2025-01-14,27.5,23.0,33.7,53,,,2.3,,1012.7,,1
2025-01-15,28.1,24.0,34.4,55,,,2.8,,1013.0,,2
2025-01-16,28.1,23.5,34.8,59,,,2.0,,1014.4,,1
2025-01-17,27.6,22.7,34.3,58,,,2.2,,1013.7,,1
2025-01-18,27.0,22.4,33.2,60,,,2.4,,1011.7,,1
2025-01-19,26.3,22.3,32.2,62,,,1.6,,1011.5,,1
2025-01-20,25.8,21.8,31.7,58,,,2.1,,1012.5,,2
2025-01-21,26.4,21.7,33.0,58,,,2.3,,1013.0,,1
2025-01-22,26.7,22.3,32.9,52,,,2.7,,1012.4,,1
2025-01-23,26.5,22.6,31.9,53,,,2.5,,1013.2,,2
2025-01-24,25.1,21.1,30.8,52,,,3.2,,1012.7,,2
2025-01-25,25.3,20.9,31.1,55,,,2.4,,1011.8,,2
2025-01-26,25.1,21.9,29.6,58,,,2.1,,1012.4,,3
2025-01-27,24.7,20.6,31.0,51,,,2.4,,1013.2,,1
2025-01-28,24.4,18.6,31.4,46,,,2.3,,1012.0,,0
2025-01-29,24.8,21.3,30.1,53,,,2.9,,1013.5,,3
2025-01-30,26.2,21.3,33.3,49,,,2.4,,1014.3,,1
2025-01-31,27.4,23.0,33.7,47,,,2.1,,1012.4,,1
2025-02-01,27.1,22.5,33.9,51,,,1.9,,1012.2,,1
2025-02-02,27.4,22.5,34.1,44,,,1.7,,1012.3,,1
2025-02-03,28.0,23.1,35.1,44,,,2.6,,1011.5,,2
2025-02-04,27.4,22.7,33.2,61,,,4.2,,1011.4,,2
2025-02-05,27.5,24.2,32.3,70,,,4.7,,1009.8,,3
2025-02-06,25.8,23.0,30.1,65,,,3.1,,1010.1,,2
2025-02-07,24.2,20.8,30.0,51,,,3.4,,1012.6,,1
2025-02-08,23.0,19.2,28.5,55,,,3.0,,1013.1,,1
2025-02-09,23.6,18.9,30.0,52,,,2.3,,1012.5,,1
2025-02-10,25.0,20.2,31.7,52,,,2.2,,1010.5,,2
2025-02-11,25.1,22.0,29.5,57,,,3.2,,1010.8,,4
2025-02-12,24.9,22.4,29.4,60,,,2.4,,1012.5,,4
2025-02-13,25.0,22.4,28.8,59,,,2.6,,1013.3,,5
2025-02-14,26.2,22.6,31.2,61,,,3.1,,1012.1,,3
2025-02-15,25.6,23.0,28.3,69,,,4.5,,1010.1,,5
2025-02-16,25.6,23.0,29.1,64,,,2.7,,1010.0,,4
2025-02-17,25.5,20.5,32.2,44,,,2.4,,1011.7,,2
2025-02-18,26.3,21.7,32.4,49,,,2.2,,1011.9,,3
2025-02-19,26.1,23.5,30.2,58,,,3.9,,1010.7,,4
2025-02-20,25.0,21.6,30.6,47,,,3.2,,1012.4,,2
2025-02-21,24.3,18.4,32.1,48,,,2.7,,1012.7,,1
2025-02-22,24.5,20.5,30.3,52,,,2.8,,1012.8,,2
2025-02-23,24.7,21.4,30.0,53,,,3.2,,1013.3,,3
2025-02-24,24.7,21.6,30.4,53,,,3.1,,1013.7,,3
2025-02-25,26.3,21.0,33.2,45,,,2.8,,1013.0,,2
2025-02-26,26.6,22.6,32.4,52,,,3.2,,1012.4,,2
2025-02-27,26.3,23.1,31.2,57,,,2.6,,1013.3,,3
2025-02-28,26.3,22.7,31.4,54,,,3.1,,1012.1,,2
2025-03-01,25.6,21.9,32.0,43,,,3.4,,1012.6,,2
2025-03-02,26.6,19.8,34.6,37,,,2.4,,1011.8,,1
2025-03-03,28.4,23.9,34.2,41,,,5.7,,1007.4,,2
2025-03-04,26.8,24.5,29.4,62,,,7.2,,1005.6,,5
2025-03-05,27.0,22.6,32.6,61,,,3.8,,1007.9,,3
2025-03-06,25.7,23.0,28.9,53,,,3.5,,1009.4,,5
2025-03-07,24.6,21.2,30.4,41,,,3.7,,1011.2,,3
2025-03-08,24.2,19.2,31.2,38,,,3.5,,1010.3,,2
2025-03-09,24.8,19.6,32.3,42,,,3.0,,1009.6,,1
2025-03-10,25.5,20.7,33.1,43,,,3.1,,1011.5,,1
2025-03-11,26.7,20.8,34.6,42,,,3.5,,1011.6,,1
2025-03-12,29.2,24.3,36.0,46,,,3.5,,1009.2,,1
2025-03-13,29.7,26.7,34.0,50,,,4.2,,1008.7,,1
2025-03-14,30.2,26.3,35.2,50,,,3.5,,1008.9,,0
2025-03-15,30.2,26.2,36.0,50,,,3.1,,1008.3,,1
2025-03-16,31.0,26.4,38.1,44,,,3.2,,1008.1,,1
2025-03-17,31.2,26.2,37.6,44,,,3.2,,1008.4,,1
2025-03-18,31.1,26.1,36.6,44,,,4.9,,1008.0,,1
2025-03-19,31.1,26.4,37.1,46,,,4.3,,1008.6,,1
2025-03-20,31.0,26.4,37.7,48,,,3.6,,1010.0,,1
2025-03-21,29.5,23.3,37.2,49,,,4.3,,1010.9,,1
2025-03-22,24.3,20.6,30.4,39,,,5.0,,1013.6,,2
2025-03-23,24.0,18.3,31.1,40,,,3.8,,1014.4,,0
2025-03-24,29.1,22.5,37.3,38,,,3.2,,1013.4,,1
2025-03-25,31.4,26.1,39.0,33,,,3.4,,1011.8,,1
2025-03-26,30.9,25.5,38.1,36,,,3.8,,1009.2,,1
2025-03-27,31.2,25.8,38.2,41,,,4.4,,1008.2,,1
2025-03-28,31.6,26.5,38.1,42,,,5.2,,1007.4,,0
2025-03-29,32.1,27.4,38.1,42,,,7.2,,1005.4,,1
2025-03-30,32.1,28.0,38.3,41,,,5.9,,1005.0,,1
2025-03-31,31.7,27.1,38.1,49,,,5.3,,1007.1,,1
2025-04-01,32.4,27.6,39.1,45,,,6.1,,1006.7,,0
2025-04-02,33.5,28.5,40.7,41,,,5.1,,1006.4,,0
2025-04-03,32.6,28.3,39.1,45,,,4.0,,1006.6,,0
2025-04-04,31.9,27.5,38.4,42,,,4.6,,1006.4,,0
2025-04-05,30.7,26.9,36.7,37,,,3.1,,1007.8,,3
2025-04-06,31.5,27.5,36.9,37,,,4.9,,1007.4,,4
2025-04-07,32.8,28.2,39.6,42,,,4.0,,1008.7,,1
2025-04-08,33.9,28.4,41.1,40,,,3.5,,1009.6,,0
2025-04-09,33.7,29.7,39.9,40,,,6.1,,1008.6,,0
2025-04-10,33.3,29.1,39.4,40,,,4.9,,1006.2,,0
2025-04-11,30.3,26.7,36.6,43,,,4.2,,1005.5,,1
2025-04-12,27.4,23.0,34.5,35,,,5.8,,1007.4,,0
2025-04-13,27.0,21.1,34.4,36,,,3.0,,1009.5,,0
2025-04-14,27.8,21.8,35.4,33,,,3.8,,1011.4,,0
2025-04-15,27.0,21.1,34.4,32,,,4.1,,1011.5,,0
2025-04-16,29.4,23.1,35.9,38,,,3.3,,1008.9,,0
2025-04-17,31.2,26.1,37.7,42,,,3.5,,1008.0,,0
2025-04-18,32.4,27.5,38.3,41,,,4.2,,1006.7,,0
2025-04-19,33.0,28.0,39.8,42,,,4.3,,1006.3,,0
2025-04-20,33.6,28.0,40.8,40,,,4.2,,1006.3,,0
2025-04-21,33.7,28.7,39.8,39,,,4.3,,1007.0,,0
2025-04-22,34.4,28.0,42.7,36,,,4.1,,1008.2,,0
2025-04-23,34.3,29.8,40.1,32,,,5.7,,1008.8,,0
2025-04-24,35.1,29.1,42.2,29,,,6.1,,1007.3,,0
2025-04-25,35.5,29.6,42.5,27,,,6.5,,1005.6,,0
2025-04-26,35.3,29.6,41.8,29,,,3.8,,1004.5,,0
2025-04-27,34.2,28.7,41.3,36,,,3.5,,1005.0,,0
2025-04-28,33.6,28.6,39.9,37,,,3.2,,1004.6,,1
2025-04-29,33.3,27.9,39.6,35,,,3.0,,1003.9,,1
2025-04-30,33.4,28.5,39.3,36,,,4.8,,1004.2,,1
2025-05-01,34.2,29.5,39.7,41,,,4.8,,1005.1,,1
2025-05-02,33.7,29.7,39.0,42,,,2.9,,1006.1,,1
2025-05-03,32.6,29.2,38.2,37,,,3.8,,1006.7,,1
2025-05-04,31.2,27.6,36.9,29,,,4.9,,1007.4,,1
2025-05-05,29.7,25.2,36.0,27,,,4.9,,1009.4,,0
2025-05-06,30.9,24.5,38.9,35,,,3.6,,1009.5,,1
2025-05-07,33.3,28.0,40.6,36,,,3.1,,1007.7,,1
2025-05-08,34.5,29.5,40.5,36,,,4.2,,1006.3,,1
2025-05-09,35.7,30.4,42.1,35,,,4.1,,1007.1,,0
2025-05-10,35.9,30.5,42.6,32,,,3.8,,1007.4,,0
2025-05-11,36.5,30.7,43.1,30,,,3.5,,1006.1,,1
2025-05-12,36.7,30.1,44.5,28,,,3.1,,1004.6,,0
2025-05-13,35.7,29.9,43.6,27,,,3.2,,1005.0,,0
2025-05-14,36.9,29.5,45.5,27,,,4.2,,1005.0,,0
2025-05-15,36.4,31.5,44.2,26,,,4.8,,1005.3,,0
2025-05-16,35.3,28.6,43.3,32,,,3.8,,1004.6,,0
2025-05-17,36.6,30.8,43.7,33,,,4.7,,1004.5,,0
2025-05-18,36.9,31.7,43.1,31,,,3.8,,1005.6,,0
2025-05-19,38.0,31.1,46.4,25,,,3.0,,1003.6,,0
2025-05-20,35.9,30.7,42.4,33,,,4.5,,1002.4,,0
2025-05-21,35.8,29.7,42.7,37,,,3.5,,1003.7,,0
2025-05-22,36.6,30.1,44.0,35,,,3.3,,1003.9,,0
2025-05-23,36.5,30.7,44.6,32,,,3.9,,1002.6,,0
2025-05-24,35.5,29.7,43.4,27,,,3.8,,1002.3,,0
2025-05-25,35.1,28.2,43.4,29,,,2.9,,1002.4,,0
2025-05-26,36.2,28.7,44.6,31,,,2.1,,1002.9,,0
2025-05-27,36.2,29.4,43.3,28,,,2.1,,1003.2,,0
2025-05-28,35.1,29.4,42.4,30,,,3.5,,1004.7,,0
2025-05-29,33.6,27.8,40.6,28,,,3.8,,1006.4,,0
2025-05-30,32.9,26.7,39.8,28,,,3.5,,1006.7,,0
2025-05-31,33.3,26.4,40.2,26,,,3.0,,1007.3,,0
2025-06-01,34.4,28.2,41.4,24,,,3.7,,1008.3,,0
2025-06-02,34.7,28.6,42.5,27,,,4.0,,1007.2,,0
2025-06-03,33.7,28.3,41.2,36,,,3.5,,1004.8,,0
2025-06-04,34.1,27.5,42.0,42,,,2.7,,1004.0,,0
2025-06-05,35.5,28.6,43.1,37,,,2.3,,1005.2,,0
2025-06-06,36.8,29.8,44.5,32,,,2.8,,1005.2,,0
2025-06-07,37.3,30.5,44.8,27,,,3.1,,1004.4,,0
2025-06-08,37.3,30.3,44.8,27,,,2.6,,1004.0,,0
2025-06-09,37.4,30.4,45.0,27,,,2.7,,1004.0,,0
2025-06-10,37.9,30.8,45.8,27,,,2.8,,1002.8,,0
2025-06-11,38.5,30.9,46.3,26,,,3.3,,1001.8,,0
2025-06-12,38.5,31.4,46.4,25,,,3.8,,1002.1,,0
2025-06-13,38.2,31.1,46.0,27,,,3.3,,1002.4,,0
2025-06-14,38.4,31.2,46.4,27,,,2.9,,1001.8,,0
2025-06-15,38.5,31.9,46.2,30,,,3.5,,1001.1,,0
2025-06-16,37.0,31.1,43.7,31,,,3.5,,1001.7,,0
2025-06-17,36.5,30.5,43.7,30,,,3.8,,1001.9,,0
2025-06-18,35.9,30.0,43.1,30,,,4.2,,1002.8,,0
2025-06-19,35.9,29.9,42.8,30,,,3.5,,1003.8,,0
2025-06-20,36.2,30.2,43.0,29,,,3.6,,1004.0,,0
2025-06-21,36.0,29.8,42.8,28,,,3.7,,1003.8,,0
2025-06-22,36.2,29.6,43.3,28,,,3.4,,1003.0,,0
2025-06-23,36.0,29.7,42.4,29,,,3.5,,1002.4,,0
2025-06-24,36.0,29.9,41.2,28,,,3.0,,1002.9,,1
2025-06-25,36.5,30.5,42.5,28,,,3.4,,1003.2,,1
2025-06-26,37.1,30.6,43.3,23,,,2.8,,1002.6,,0
2025-06-27,37.5,31.1,43.7,23,,,2.5,,1002.4,,0
2025-06-28,37.0,30.6,43.0,23,,,2.4,,1001.9,,0
2025-06-29,37.1,30.2,43.1,21,,,2.5,,1001.6,,0
2025-06-30,37.5,30.3,44.0,20,,,2.4,,1001.9,,0
2025-07-01,37.5,30.7,43.8,21,,,2.4,,1003.3,,1
2025-07-02,37.6,31.0,43.8,21,,,2.6,,1003.4,,0
2025-07-03,37.4,30.9,43.2,23,,,2.4,,1003.4,,0
2025-07-04,37.7,31.3,43.8,24,,,2.7,,1003.3,,1
2025-07-05,37.2,31.1,43.3,24,,,2.5,,1003.4,,0
2025-07-06,36.7,30.3,43.2,26,0.0,,2.7,,1002.8,,0
2025-07-07,36.9,30.2,43.7,28,0.0,,2.8,,1001.7,,0
2025-07-08,37.3,30.8,44.1,29,0.0,,2.5,,1001.9,,0
2025-07-09,37.4,30.9,43.7,27,0.0,,3.2,,1002.8,,0
2025-07-10,37.3,30.9,43.9,28,0.0,,3.7,,1002.5,,0
2025-07-11,37.5,31.0,43.8,26,0.0,,2.5,,1002.6,,0
2025-07-12,37.5,30.7,43.7,26,0.0,,2.7,,1004.3,,0
2025-07-13,37.6,30.9,43.9,23,0.0,,2.7,,1004.9,,0
2025-07-14,37.6,31.1,43.7,24,0.0,,2.8,,1003.8,,0
2025-07-15,37.7,31.6,43.7,24,0.0,,2.6,,1002.6,,0
2025-07-16,37.8,31.8,43.7,23,0.0,,2.9,,1003.6,,0
2025-07-17,38.2,32.7,44.0,23,0.0,,3.1,,1004.9,,0
2025-07-18,38.5,32.8,45.4,23,0.0,,4.5,,1003.8,,0
2025-07-19,38.1,32.4,45.0,25,0.0,,4.0,,1001.5,,0
2025-07-20,37.5,32.2,43.6,27,0.0,,3.2,,1001.3,,2
2025-07-21,38.0,32.3,44.2,24,0.0,,3.8,,1001.1,,2
2025-07-22,38.4,32.9,44.6,23,0.0,,3.9,,1001.5,,1
2025-07-23,38.2,32.7,44.2,23,0.0,,4.0,,1001.8,,1
2025-07-24,37.7,32.0,43.2,25,0.0,,2.7,,1000.6,,0
2025-07-25,37.4,30.6,43.6,26,0.0,,2.1,,999.8,,0
2025-07-26,37.9,30.8,44.4,26,0.0,,2.8,,1000.6,,0
2025-07-27,37.8,32.1,42.6,30,0.0,,4.9,,1002.0,,0
2025-07-28,37.7,32.2,42.9,32,0.0,,5.9,,1002.1,,1
2025-07-29,37.1,31.2,42.2,36,0.0,,7.6,,1003.0,,0
2025-07-30,38.3,32.3,43.9,32,0.0,,4.2,,1004.1,,0
2025-07-31,39.0,33.9,44.5,29,0.0,,3.0,,1003.2,,2
2025-08-01,38.7,33.6,44.4,30,0.0,,2.4,,1002.0,,2
2025-08-02,38.2,33.0,43.4,27,0.0,,2.4,,1002.4,,2
2025-08-03,38.0,33.8,43.2,28,0.0,,3.2,,1003.3,,2
2025-08-04,38.5,33.9,44.5,29,0.0,,4.1,,1003.1,,2
2025-08-05,38.0,34.1,43.9,31,0.0,,4.5,,1002.1,,2
2025-08-06,37.2,32.6,43.4,34,0.0,,3.8,,1000.5,,1
2025-08-07,37.3,32.3,43.8,38,0.0,,3.2,,998.8,,2
2025-08-08,36.6,32.4,40.6,44,0.0,,5.0,,999.2,,3
2025-08-09,36.9,32.9,41.6,44,0.0,,4.9,,1002.0,,3
2025-08-10,37.2,33.0,41.9,44,0.0,,5.1,,1001.6,,3
2025-08-11,37.5,33.5,42.4,40,0.0,,4.5,,1000.7,,2
2025-08-12,37.2,32.9,42.1,41,0.0,,7.1,,1001.6,,2
2025-08-13,37.5,33.1,42.0,41,0.0,,5.3,,1002.6,,3
2025-08-14,38.0,33.9,43.2,40,0.0,,4.1,,1002.1,,2
2025-08-15,37.9,33.8,42.7,40,0.0,,5.8,,1000.5,,2
2025-08-16,37.5,32.9,43.0,41,0.0,,5.6,,999.9,,1
2025-08-17,37.8,32.7,43.6,36,0.0,,3.9,,1000.1,,1
2025-08-18,37.2,32.7,42.6,42,0.0,,3.3,,1000.2,,1
2025-08-19,35.7,31.9,40.3,53,0.0,,6.5,,1000.8,,2
2025-08-20,34.5,31.1,38.5,57,0.0,,9.6,,1002.3,,3
2025-08-21,34.4,31.1,38.2,50,0.0,,8.5,,1002.7,,4
2025-08-22,35.2,31.3,40.1,51,0.0,,5.2,,1002.4,,4
2025-08-23,35.2,31.9,39.5,51,0.0,,5.8,,1002.2,,4
2025-08-24,34.5,31.0,38.7,51,0.0,,7.9,,1003.8,,4
2025-08-25,34.0,29.7,38.0,53,4.6,,9.1,,1006.0,,3
2025-08-26,35.1,31.0,40.4,47,0.0,,5.7,,1006.1,,3
2025-08-27,35.1,31.3,40.3,42,0.0,,3.1,,1005.0,,2
2025-08-28,35.1,30.8,40.9,38,0.0,,3.2,,1003.7,,3
2025-08-29,35.5,31.5,41.1,41,0.0,,2.7,,1004.9,,3
2025-08-30,36.4,32.1,42.8,39,0.0,,3.5,,1005.2,,3
2025-08-31,37.8,33.1,44.6,34,0.0,,2.8,,1003.2,,2
2025-09-01,36.9,32.2,42.9,32,0.0,,3.4,,1002.2,,2
2025-09-02,36.5,30.8,42.4,31,0.0,,2.7,,1002.8,,1
2025-09-03,36.4,30.5,43.0,31,0.0,,2.3,,1002.9,,0
2025-09-04,36.6,30.5,43.3,29,0.0,,2.4,,1003.0,,0
2025-09-05,37.0,31.2,44.5,28,0.0,,3.1,,1003.2,,0
2025-09-06,37.9,31.9,45.6,30,0.0,,2.9,,1002.8,,1
2025-09-07,37.0,32.1,43.5,36,0.0,,3.2,,1002.8,,1
2025-09-08,36.2,31.8,42.6,41,0.0,,2.9,,1003.5,,2
2025-09-09,35.2,31.2,41.4,42,,,2.9,,1004.2,,2
2025-09-10,34.9,30.8,41.3,41,,,3.1,,1004.8,,2
2025-09-11,34.4,30.2,40.8,42,0.0,,2.8,,1004.9,,2
2025-09-12,34.9,30.0,42.0,41,0.0,,2.7,,1005.2,,2
2025-09-13,35.8,31.0,42.2,44,0.0,,3.0,,1004.5,,2
2025-09-14,37.0,32.4,43.1,43,0.0,,3.4,,1003.0,,3
2025-09-15,38.7,33.5,45.8,35,0.0,,2.4,,1002.9,,2
2025-09-16,38.6,33.0,46.0,30,0.0,,2.4,,1002.7,,2
2025-09-17,36.4,32.1,42.2,42,0.0,,3.5,,1003.9,,1
2025-09-18,35.5,31.1,41.5,51,0.0,,3.3,,1004.6,,1
2025-09-19,35.2,31.2,40.8,53,0.0,,3.1,,1004.8,,2
2025-09-20,34.6,31.2,39.6,56,0.0,,3.6,,1005.7,,2
2025-09-21,34.7,30.6,41.1,49,0.0,,2.6,,1006.1,,2
2025-09-22,35.3,30.9,42.5,43,0.0,,2.7,,1005.8,,2
2025-09-23,37.1,32.3,44.5,38,0.0,,2.3,,1005.6,,3
2025-09-24,37.0,32.7,43.9,40,0.0,,2.1,,1005.9,,2
2025-09-25,35.0,31.5,41.4,42,0.0,,2.7,,1005.7,,2
2025-09-26,33.9,29.9,40.9,39,0.0,,3.1,,1006.5,,1
2025-09-27,34.1,29.2,41.8,34,0.0,,1.8,,1006.5,,1
2025-09-28,35.9,30.1,43.7,34,0.0,,1.5,,1005.9,,1
2025-09-29,36.4,31.0,43.7,39,0.0,,2.1,,1006.0,,1
2025-09-30,36.0,31.0,42.8,40,0.0,,1.8,,1005.5,,1
2025-10-01,35.6,31.0,42.3,34,0.0,,1.6,,1004.3,,3
2025-10-02,35.0,29.9,41.8,31,0.0,,1.5,,1004.2,,1
2025-10-03,34.9,29.2,41.8,33,0.0,,1.5,,1005.5,,1
2025-10-04,34.9,29.5,41.9,40,0.0,,2.2,,1007.7,,2
2025-10-05,34.7,29.4,41.8,42,0.0,,2.1,,1007.8,,0
2025-10-06,34.1,28.7,40.8,44,0.0,,2.5,,1007.1,,0
2025-10-07,34.0,28.8,40.9,46,0.0,,2.4,,1007.9,,0
2025-10-08,34.0,28.8,41.0,45,0.0,,2.2,,1008.0,,0
2025-10-09,34.3,28.9,41.9,44,0.0,,2.4,,1008.8,,0
2025-10-10,34.3,28.9,41.8,41,0.0,,2.7,,1008.8,,0
2025-10-11,33.7,28.2,41.0,41,0.0,,2.3,,1008.0,,0
2025-10-12,33.1,28.3,39.4,45,0.0,,3.4,,1007.6,,0
2025-10-13,33.0,28.1,39.1,49,0.0,,3.0,,1008.7,,0
2025-10-14,33.4,27.9,40.5,47,0.0,,2.4,,1008.9,,0
2025-10-15,33.8,28.0,41.8,42,0.0,,2.1,,1007.6,,0
2025-10-16,33.8,28.5,41.5,38,0.0,,2.5,,1007.6,,0
2025-10-17,33.9,28.3,42.1,36,0.0,,2.1,,1009.3,,0
2025-10-18,34.0,27.9,42.3,34,0.0,,1.6,,1009.7,,0
2025-10-19,33.6,28.0,41.0,37,0.0,,2.0,,1008.7,,0
2025-10-20,33.5,28.0,41.3,43,0.0,,2.1,,1007.8,,0
2025-10-21,33.3,28.0,40.9,43,0.0,,2.1,,1008.5,,0
2025-10-22,32.9,27.6,40.5,43,0.0,,2.3,,1010.4,,0
2025-10-23,32.8,27.3,40.5,41,0.0,,2.1,,1010.8,,0
2025-10-24,33.1,27.1,40.8,39,0.0,,1.9,,1010.4,,0
2025-10-25,33.0,27.0,40.9,39,0.0,,1.8,,1009.0,,0
2025-10-26,32.8,26.8,41.0,39,0.0,,1.6,,1008.5,,0
2025-10-27,32.7,26.8,40.7,40,0.0,,2.1,,1008.8,,0
2025-10-28,32.6,27.1,39.6,42,0.0,,2.3,,1009.0,,0
2025-10-29,32.6,27.5,39.5,46,0.0,,2.5,,1009.2,,1
2025-10-30,32.8,27.9,39.4,48,0.0,,2.4,,1008.2,,1
2025-10-31,32.7,27.8,39.8,47,0.0,,2.1,,1009.1,,1
2025-11-01,32.8,27.4,40.4,43,0.0,,1.5,,1010.2,,0
2025-11-02,32.5,27.3,40.5,38,0.0,,2.2,,1011.2,,0
2025-11-03,31.7,26.5,39.0,42,0.0,,2.4,,1012.2,,0
2025-11-04,31.6,25.9,39.1,43,0.0,,1.9,,1011.9,,0
2025-11-05,31.4,25.6,39.0,42,0.0,,2.3,,1010.8,,0
2025-11-06,31.2,25.5,38.8,46,0.0,,2.0,,1009.6,,0
2025-11-07,31.1,25.7,38.6,47,0.0,,2.0,,1009.7,,0
2025-11-08,30.6,25.8,37.5,51,0.0,,2.3,,1011.3,,0
2025-11-09,30.6,25.9,37.3,55,0.0,,2.0,,1012.0,,0
2025-11-10,30.6,25.8,37.5,54,0.0,,1.9,,1011.4,,0
2025-11-11,30.2,25.5,36.8,54,0.0,,2.1,,1010.6,,1
2025-11-12,30.1,25.3,36.7,56,0.0,,2.3,,1010.8,,1
2025-11-13,29.9,25.3,35.8,59,0.0,,2.8,,1011.7,,1
2025-11-14,29.0,26.0,33.7,65,0.0,,2.9,,1011.0,,2
2025-11-15,27.7,25.3,31.8,63,0.0,,1.8,,1011.6,,3
2025-11-16,27.9,24.3,33.0,59,0.0,,2.0,,1013.0,,2
2025-11-17,28.9,24.8,34.7,57,0.0,,1.3,,1014.3,,2
2025-11-18,29.6,25.1,35.9,56,0.0,,1.4,,1012.8,,1
2025-11-19,29.9,25.1,36.7,55,0.0,,1.8,,1011.6,,0
2025-11-20,30.1,25.4,37.1,51,0.0,,2.1,,1013.0,,0
2025-11-21,30.0,25.2,36.9,44,0.0,,2.4,,1013.7,,0
2025-11-22,29.5,24.9,36.3,45,0.0,,2.7,,1013.7,,0
2025-11-23,29.2,24.3,36.0,52,0.0,,3.0,,1013.2,,1
2025-11-24,29.1,24.1,35.6,55,0.0,,3.2,,1012.2,,0
2025-11-25,29.0,24.3,35.2,58,0.0,,3.5,,1011.6,,1
2025-11-26,29.0,25.1,34.6,59,0.0,,2.3,,1011.5,,2
2025-11-27,28.8,24.5,34.4,59,0.0,,1.9,,1011.0,,2
2025-11-28,29.0,24.5,35.2,59,0.0,,2.2,,1010.9,,1
2025-11-29,29.2,24.4,35.6,61,0.0,,2.6,,1010.8,,1
2025-11-30,28.9,24.3,35.2,63,0.0,,2.5,,1011.3,,1
2025-12-01,28.4,23.9,34.5,64,0.0,,2.5,,1011.5,,2
2025-12-02,27.2,23.9,29.9,65,0.0,,2.4,,1011.2,,2
2025-12-03,28.4,23.9,34.6,60,0.0,,1.9,,1011.2,,2
2025-12-04,27.9,24.4,32.5,64,0.0,,2.3,,1011.7,,3
2025-12-05,28.2,23.4,34.2,64,0.0,,2.9,,1011.8,,1
2025-12-06,28.5,24.3,33.8,62,0.0,,4.1,,1010.9,,2
2025-12-07,28.7,24.7,34.3,60,7.5,,6.2,,1010.5,,2
2025-12-08,28.3,24.4,33.3,63,15.1,,3.8,,1012.2,,2
2025-12-09,27.2,24.2,31.0,67,19.1,,3.6,,1011.9,,3
2025-12-10,25.9,23.1,30.5,59,1.1,,2.8,,1012.5,,4
2025-12-11,25.4,22.3,29.8,52,0.0,,2.7,,1012.8,,3
2025-12-12,25.0,21.8,30.1,51,0.0,,2.3,,1013.2,,2
2025-12-13,24.9,20.8,31.4,47,0.0,,2.1,,1012.8,,1
2025-12-14,24.7,20.0,31.1,52,0.0,,1.6,,1010.9,,1
2025-12-15,24.7,21.6,29.9,53,0.0,,2.5,,1010.7,,2
2025-12-16,23.6,20.1,29.3,52,0.0,,2.4,,1010.9,,1
2025-12-17,23.3,19.1,29.2,55,0.0,,2.1,,1012.4,,1
2025-12-18,23.6,19.6,29.8,46,0.0,,2.9,,1014.8,,1
2025-12-19,23.3,18.7,30.3,31,0.0,,3.8,,1015.2,,0
2025-12-20,24.7,18.7,32.5,35,0.0,,2.1,,1012.1,,0
2025-12-21,25.9,20.1,33.4,46,0.0,,2.4,,1011.2,,1
2025-12-22,27.1,22.3,33.9,58,0.0,,2.5,,1011.5,,2
2025-12-23,27.6,23.5,33.7,63,0.0,,2.6,,1011.9,,2
2025-12-24,27.7,24.3,33.2,64,0.0,,1.9,,1012.5,,3
2025-12-25,27.3,23.4,32.7,66,0.0,,2.2,,1011.5,,2
2025-12-26,26.4,23.5,31.0,67,0.0,,2.3,,1010.2,,3
2025-12-27,25.2,21.9,29.5,65,0.0,,1.8,,1009.9,,3
2025-12-28,24.8,21.6,29.8,57,0.0,,1.6,,1010.6,,2
2025-12-29,24.5,19.5,31.4,52,0.0,,1.6,,1013.4,,0
2025-12-30,24.2,18.7,31.5,47,0.0,,2.4,,1015.5,,0
2025-12-31,24.7,19.2,32.2,46,0.0,,3.0,,1014.0,,0
2026-01-01,24.9,19.7,31.8,59,0.0,,2.1,,1013.9,,0
2026-01-02,26.4,21.0,33.8,56,0.0,,1.8,,1014.0,,0
2026-01-03,26.6,22.1,33.1,57,0.0,,2.0,,1014.2,,0
2026-01-04,27.3,22.2,34.8,51,0.0,,2.5,,1013.7,,0
2026-01-05,26.8,22.8,32.4,55,0.0,,3.1,,1014.1,,1
2026-01-06,27.7,22.7,34.8,54,0.0,,2.1,,1014.7,,0
2026-01-07,27.6,22.4,35.0,54,0.0,,3.1,,1015.5,,0
2026-01-08,26.9,22.2,33.8,60,0.0,,2.7,,1015.7,,0
2026-01-09,25.9,21.3,31.6,68,5.4,,4.4,,1013.4,,1
2026-01-10,26.3,22.6,32.1,63,4.7,,2.1,,1013.3,,1
2026-01-11,26.4,22.1,32.6,61,3.7,,3.1,,1013.6,,1
2026-01-12,26.3,22.3,32.0,68,0.0,,3.8,,1014.1,,1
2026-01-13,26.4,23.1,31.6,70,0.0,,2.8,,1015.1,,2
2026-01-14,24.5,21.5,30.0,58,0.0,,3.2,,1015.6,,2
2026-01-15,24.9,20.2,32.2,48,0.0,,3.0,,1014.1,,1
2026-01-16,26.1,21.5,32.5,47,0.0,,2.7,,1012.7,,1
2026-01-17,25.9,21.8,31.6,59,4.5,,3.8,,1012.5,,2
2026-01-18,25.4,22.2,30.4,68,5.4,,3.4,,1011.8,,3
2026-01-19,25.6,21.6,31.9,54,0.0,,2.4,,1012.6,,2
2026-01-20,25.6,21.1,32.7,50,0.0,,2.4,,1012.8,,1
2026-01-21,27.2,21.7,35.1,50,0.0,,2.2,,1012.6,,1
2026-01-22,27.8,23.3,34.5,49,0.0,,4.1,,1011.6,,2
2026-01-23,27.5,23.8,33.4,63,0.0,,8.0,,1011.3,,2
2026-01-24,27.3,23.9,32.8,67,0.0,,5.2,,1012.2,,3
2026-01-25,27.1,22.4,33.9,57,0.0,,2.9,,1013.4,,1
2026-01-26,27.4,22.0,34.9,45,0.0,,2.4,,1012.2,,0
2026-01-27,26.6,22.2,32.1,64,3.8,,4.5,,1012.9,,1
2026-01-28,26.2,23.3,30.3,70,4.9,,2.8,,1014.2,,2
2026-01-29,26.3,21.5,33.5,53,0.0,,2.6,,1014.2,,0
2026-01-30,26.7,21.5,34.2,53,0.0,,2.7,,1012.4,,0
2026-01-31,27.2,22.2,34.2,59,0.0,,3.0,,1012.3,,0
2026-02-01,27.8,23.2,34.2,62,0.0,,3.9,,1012.2,,1
2026-02-02,27.8,23.7,33.5,67,0.0,,4.3,,1012.8,,1
2026-02-03,27.6,23.7,33.6,67,0.0,,3.0,,1012.8,,2
2026-02-04,27.2,22.5,34.1,60,0.0,,2.1,,1012.4,,1
2026-02-05,27.0,22.7,33.1,59,0.0,,3.2,,1011.0,,2
2026-02-06,27.2,23.0,33.1,61,0.0,,4.3,,1011.6,,3
2026-02-07,27.5,22.8,34.4,62,0.0,,3.8,,1012.6,,2
2026-02-08,27.8,22.6,35.0,59,0.0,,4.0,,1012.5,,1
2026-02-09,27.8,22.6,35.2,59,0.0,,3.7,,1012.0,,0
2026-02-10,28.0,22.8,35.2,61,0.0,,3.5,,1011.9,,0
2026-02-11,28.2,23.5,35.2,60,0.0,,4.9,,1011.3,,1
2026-02-12,27.9,23.8,34.1,64,0.0,,3.2,,1011.6,,1
2026-02-13,27.9,23.7,34.4,63,0.0,,3.4,,1011.0,,1
2026-02-14,28.8,23.8,36.3,58,0.0,,2.1,,1011.0,,0
2026-02-15,29.3,23.8,37.1,52,0.0,,2.6,,1011.5,,0
2026-02-16,29.4,24.4,36.5,57,0.0,,2.8,,1011.1,,0
2026-02-17,29.5,24.3,36.8,59,0.0,,3.3,,1009.8,,0
2026-02-18,29.3,24.5,36.3,57,0.0,,2.4,,1009.4,,0
2026-02-19,28.8,23.9,36.2,55,0.0,,1.8,,1010.7,,0
2026-02-20,28.6,23.3,36.2,56,0.0,,2.3,,1012.1,,0
2026-02-21,28.6,23.2,35.7,57,2.5,,3.2,,1011.5,,0
2026-02-22,28.3,23.2,35.0,58,3.2,,2.5,,1009.0,,1
2026-02-23,27.5,23.4,33.6,59,0.0,,2.7,,1008.3,,1
2026-02-24,25.5,21.8,31.7,48,0.0,,4.0,,1011.0,,0
2026-02-25,26.5,20.5,34.6,42,0.0,,2.7,,1011.5,,1
2026-02-26,26.8,22.6,33.4,48,0.0,,2.4,,1010.8,,1
2026-02-27,25.6,22.1,31.4,54,0.0,,2.7,,1009.7,,2
2026-02-28,24.6,20.6,31.1,49,0.0,,3.0,,1008.9,,1
2026-03-01,23.8,19.4,30.5,46,0.0,,3.5,,1010.4,,1
2026-03-02,23.5,19.2,30.0,45,0.0,,3.2,,1010.8,,1
2026-03-03,22.6,18.8,28.1,45,0.0,,3.9,,1012.3,,1
2026-03-04,24.4,18.0,32.8,38,0.0,,2.9,,1013.1,,1
2026-03-05,27.4,21.0,35.1,34,0.0,,2.5,,1011.0,,1
2026-03-06,27.5,23.5,33.1,46,0.0,,2.9,,1010.8,,3
2026-03-07,27.1,23.7,32.6,54,0.0,,2.8,,1010.5,,3
2026-03-08,26.1,21.6,32.9,44,0.0,,2.7,,1011.1,,1
2026-03-09,24.9,19.5,32.3,42,0.0,,2.4,,1011.1,,0
2026-03-10,25.4,19.3,33.4,44,0.0,,2.1,,1011.0,,1
2026-03-11,27.2,22.0,34.1,46,0.0,,3.0,,1010.8,,2
2026-03-12,28.1,24.3,33.9,43,0.0,,2.2,,1010.8,,3
2026-03-13,29.2,22.7,36.9,41,0.0,,2.4,,1009.1,,1
2026-03-14,29.9,25.3,36.4,46,0.0,,7.2,,1006.5,,1
2026-03-15,30.6,25.9,37.5,50,0.0,,9.4,,1006.3,,0
2026-03-16,29.6,25.7,35.2,53,0.0,,3.7,,1008.2,,1
2026-03-17,29.6,25.5,35.9,47,0.0,,3.5,,1007.2,,3
2026-03-18,30.8,26.3,37.5,44,0.0,,5.9,,1004.7,,4
2026-03-19,28.8,26.1,32.1,51,0.0,,7.1,,1004.9,,5
2026-03-20,26.8,22.3,32.0,35,0.0,,2.7,,1007.0,,2
2026-03-21,26.4,20.4,33.6,34,0.0,,1.9,,1007.5,,1
2026-03-22,27.6,21.1,34.9,35,0.0,,3.0,,1008.0,,1
2026-03-23,28.2,23.7,33.4,42,0.0,,5.0,,1007.3,,2
2026-03-24,28.9,24.2,34.1,53,0.0,,5.5,,1004.6,,2
2026-03-25,29.1,24.2,35.0,53,0.0,,10.1,,1001.3,,2
2026-03-26,24.4,19.7,27.5,48,0.0,,5.2,,1003.5,,6
2026-03-27,23.9,17.4,30.9,35,0.0,,1.3,,1011.8,,1
2026-03-28,25.8,19.3,33.5,39,0.0,,1.0,,1011.2,,0
2026-03-29,27.8,21.4,35.2,38,0.0,,1.3,,1008.8,,0
2026-03-30,29.5,23.6,35.8,39,0.0,,2.4,,1007.6,,1
2026-03-31,31.2,25.6,38.5,36,0.0,,1.9,,1008.2,,1
2026-04-01,32.8,26.0,41.3,34,0.0,,2.2,,1007.5,,0
2026-04-02,33.2,28.0,39.6,37,0.0,,5.2,,1006.7,,0
2026-04-03,33.7,28.7,40.3,40,0.0,,3.4,,1007.3,,0
2026-04-04,32.0,28.4,38.1,42,0.0,,2.8,,1008.4,,1
2026-04-05,30.2,26.1,37.0,37,0.0,,4.1,,1009.5,,1
2026-04-06,29.4,24.4,36.3,36,0.0,,3.7,,1011.2,,2
2026-04-07,29.6,25.0,36.3,34,0.0,,3.7,,1011.9,,2
2026-04-08,29.8,26.0,35.9,32,0.0,,3.7,,1010.7,,4
2026-04-09,28.6,23.9,35.3,28,0.0,,3.5,,1011.0,,1
2026-04-10,27.9,21.8,35.0,36,0.0,,1.4,,1010.3,,0
2026-04-11,28.0,22.3,35.2,36,0.0,,2.1,,1010.9,,0
2026-04-12,27.9,21.4,35.6,32,0.0,,2.0,,1011.0,,0
2026-04-13,28.5,21.8,36.0,39,0.0,,2.1,,1009.9,,1
2026-04-14,30.7,26.5,36.1,42,0.0,,3.8,,1009.1,,2
2026-04-15,32.2,27.5,38.5,46,0.0,,5.2,,1007.4,,1
2026-04-16,33.1,28.5,39.0,46,0.0,,9.0,,1003.9,,2
2026-04-17,34.1,28.8,40.7,37,0.0,,9.1,,1004.0,,1
2026-04-18,34.5,29.1,41.1,37,0.0,,10.0,,1004.5,,1
2026-04-19,34.1,29.1,40.2,38,0.0,,5.7,,1005.3,,1
2026-04-20,33.1,29.1,38.5,43,0.0,,4.3,,1005.6,,2
2026-04-21,31.8,28.0,38.2,36,0.0,,2.8,,1005.8,,1
2026-04-22,30.6,25.5,37.4,36,0.0,,3.0,,1005.1,,1
2026-04-23,31.5,26.5,37.7,39,0.0,,3.4,,1004.3,,2
2026-04-24,31.5,27.7,36.1,44,0.0,,4.5,,1004.6,,4
2026-04-25,32.4,28.2,37.7,49,0.0,,4.6,,1005.8,,3
2026-04-26,33.1,28.7,38.5,45,0.0,,3.1,,1007.3,,3
2026-04-27,32.8,29.3,38.4,36,0.0,,3.2,,1006.5,,4
2026-04-28,31.0,26.3,37.3,32,0.0,,4.0,,1006.8,,1
2026-04-29,30.4,24.8,37.0,32,0.0,,3.0,,1007.6,,0
2026-04-30,30.6,24.0,37.7,33,0.0,,2.2,,1008.1,,0
2026-05-01,31.1,23.7,38.9,32,0.0,,1.8,,1008.0,,0
2026-05-02,33.0,25.5,41.0,27,0.0,,1.1,,1007.3,,0
2026-05-03,34.8,27.4,42.5,29,0.0,,2.8,,1007.0,,0
2026-05-04,35.3,28.8,43.3,30,0.0,,1.5,,1006.6,,0
2026-05-05,33.7,28.8,40.6,36,0.0,,3.3,,1006.2,,0
2026-05-06,32.4,28.0,38.3,36,0.0,,3.4,,1006.9,,2
2026-05-07,32.9,28.2,39.7,36,0.0,,3.7,,1006.0,,3
2026-05-08,33.5,28.5,40.5,36,0.0,,3.3,,1005.4,,2
2026-05-09,33.8,28.0,40.5,35,0.0,,3.3,,1005.7,,1
2026-05-10,34.6,29.0,40.7,36,0.0,,3.8,,1006.6,,1
